<!--
;=====================================================================
; Copyright CANON INC. 1999
; SNMPDiscovery.xml
;=====================================================================
-->
<!--
;=====================================================================
; Ver21.70 Installer PS3 US 
;=====================================================================
-->
<discovery xmlns="urn:cissnmpdiscovery">
  <refreshRate>60</refreshRate>
  <timeout>8</timeout>
  <methodList onlyMatching="true">
    <method mibType="Canon MIB">
      <OIDList>
        <devTypeOID>.1.3.6.1.4.1.1602.1.1.1.1.0</devTypeOID>
        <devNameOID>.1.3.6.1.4.1.1602.1.1.1.2.0</devNameOID>
        <macAddrOID hexEncoded="true">
        .1.3.6.1.2.1.2.2.1.6.1</macAddrOID>
        <sysDescOID>.1.3.6.1.2.1.1.1.0</sysDescOID>
      </OIDList>
      <deviceList>
				<device name="Canon iR2520 PS3">
					<matchingDevTypeStrs>
						<devTypeStr>iR2520</devTypeStr>
					</matchingDevTypeStrs>
				</device>

				<device name="Canon iR2525/2530 PS3">
					<matchingDevTypeStrs>
						<devTypeStr>iR2525</devTypeStr>
						<devTypeStr>iR2530</devTypeStr>
					</matchingDevTypeStrs>
				</device>

				<device name="Canon iR1435 PS3">
					<matchingDevTypeStrs>
						<devTypeStr>iR1435</devTypeStr>
						<devTypeStr>iR1435P</devTypeStr>
					</matchingDevTypeStrs>
				</device>

				<device name="Canon iR2535/2545 PS3">
					<matchingDevTypeStrs>
						<devTypeStr>iR2535</devTypeStr>
						<devTypeStr>iR2545</devTypeStr>
					</matchingDevTypeStrs>
				</device>

				<device name="Canon iR1730/1740/1750 PS3">
					<matchingDevTypeStrs>
						<devTypeStr>iR1730</devTypeStr>
						<devTypeStr>iR1740</devTypeStr>
						<devTypeStr>iR1750</devTypeStr>
					</matchingDevTypeStrs>
				</device>

				<device name="Canon iR C1028/1030 PS3">
					<matchingDevTypeStrs>
						<devTypeStr>iR C1028</devTypeStr>
						<devTypeStr>iR C1030</devTypeStr>
					</matchingDevTypeStrs>
				</device>

				<device name="Canon iR C1325/1335 PS3">
					<matchingDevTypeStrs>
						<devTypeStr>iR C1325</devTypeStr>
						<devTypeStr>iR C1335</devTypeStr>
					</matchingDevTypeStrs>
				</device>

				<device name="Canon iR-ADV 4025/4035 PS3">
					<matchingDevTypeStrs>
						<devTypeStr>iR-ADV 4025</devTypeStr>
						<devTypeStr>iR-ADV 4035</devTypeStr>
					</matchingDevTypeStrs>
				</device>

				<device name="Canon iR-ADV 4225/4235 PS3">
					<matchingDevTypeStrs>
						<devTypeStr>iR-ADV 4225</devTypeStr>
						<devTypeStr>iR-ADV 4235</devTypeStr>
					</matchingDevTypeStrs>
				</device>

				<device name="Canon iR-ADV 400/500 PS3">
					<matchingDevTypeStrs>
						<devTypeStr>iR-ADV 400</devTypeStr>
						<devTypeStr>iR-ADV 500</devTypeStr>
					</matchingDevTypeStrs>
				</device>

				<device name="Canon iR-ADV 4045/4051 PS3">
					<matchingDevTypeStrs>
						<devTypeStr>iR-ADV 4045</devTypeStr>
						<devTypeStr>iR-ADV 4051</devTypeStr>
					</matchingDevTypeStrs>
				</device>

				<device name="Canon iR-ADV 4245/4251 PS3">
					<matchingDevTypeStrs>
						<devTypeStr>iR-ADV 4245</devTypeStr>
						<devTypeStr>iR-ADV 4251</devTypeStr>
					</matchingDevTypeStrs>
				</device>

				<device name="Canon iR-ADV 6055/6065 PS3">
					<matchingDevTypeStrs>
						<devTypeStr>iR-ADV 6065</devTypeStr>
						<devTypeStr>iR-ADV 6055</devTypeStr>
					</matchingDevTypeStrs>
				</device>

				<device name="Canon iR-ADV 6255/6265 PS3">
					<matchingDevTypeStrs>
						<devTypeStr>iR-ADV 6255</devTypeStr>
						<devTypeStr>iR-ADV 6265</devTypeStr>
					</matchingDevTypeStrs>
				</device>

				<device name="Canon iR-ADV 6555/6565 PS3">
					<matchingDevTypeStrs>
						<devTypeStr>iR-ADV 6555</devTypeStr>
						<devTypeStr>iR-ADV 6565</devTypeStr>
					</matchingDevTypeStrs>
				</device>

				<device name="Canon iR-ADV 6075 PS3">
					<matchingDevTypeStrs>
						<devTypeStr>iR-ADV 6075</devTypeStr>
					</matchingDevTypeStrs>
				</device>

				<device name="Canon iR-ADV 6275 PS3">
					<matchingDevTypeStrs>
						<devTypeStr>iR-ADV 6275</devTypeStr>
					</matchingDevTypeStrs>
				</device>

				<device name="Canon iR-ADV 6575 PS3">
					<matchingDevTypeStrs>
						<devTypeStr>iR-ADV 6575</devTypeStr>
					</matchingDevTypeStrs>
				</device>

				<device name="Canon iR-ADV 8085/8095 PS3">
					<matchingDevTypeStrs>
						<devTypeStr>iR-ADV 8095</devTypeStr>
						<devTypeStr>iR-ADV 8085</devTypeStr>
					</matchingDevTypeStrs>
				</device>

				<device name="Canon iR-ADV 8285/8295 PS3">
					<matchingDevTypeStrs>
						<devTypeStr>iR-ADV 8285</devTypeStr>
						<devTypeStr>iR-ADV 8295</devTypeStr>
					</matchingDevTypeStrs>
				</device>

				<device name="Canon iR-ADV 8585/8595 PS3">
					<matchingDevTypeStrs>
						<devTypeStr>iR-ADV 8585</devTypeStr>
						<devTypeStr>iR-ADV 8595</devTypeStr>
					</matchingDevTypeStrs>
				</device>

				<device name="Canon iR-ADV 8105 PS3">
					<matchingDevTypeStrs>
						<devTypeStr>iR-ADV 8105</devTypeStr>
					</matchingDevTypeStrs>
				</device>

				<device name="Canon iR-ADV 8205 PS3">
					<matchingDevTypeStrs>
						<devTypeStr>iR-ADV 8205</devTypeStr>
					</matchingDevTypeStrs>
				</device>

				<device name="Canon iR-ADV 8505 PS3">
					<matchingDevTypeStrs>
						<devTypeStr>iR-ADV 8505</devTypeStr>
					</matchingDevTypeStrs>
				</device>

				<device name="Canon iR-ADV C3320 PS3">
					<matchingDevTypeStrs>
						<devTypeStr>iR-ADV C3320</devTypeStr>
					</matchingDevTypeStrs>
				</device>

				<device name="Canon iR-ADV C2225 PS3">
					<matchingDevTypeStrs>
						<devTypeStr>iR-ADV C2225</devTypeStr>
					</matchingDevTypeStrs>
				</device>

				<device name="Canon iR-ADV C2020/2030 PS3">
					<matchingDevTypeStrs>
						<devTypeStr>iR-ADV C2030</devTypeStr>
						<devTypeStr>iR-ADV C2020</devTypeStr>
					</matchingDevTypeStrs>
				</device>

				<device name="Canon iR-ADV C2220/2230 PS3">
					<matchingDevTypeStrs>
						<devTypeStr>iR-ADV C2220</devTypeStr>
						<devTypeStr>iR-ADV C2230</devTypeStr>
					</matchingDevTypeStrs>
				</device>

				<device name="Canon iR-ADV C3325/3330 PS3">
					<matchingDevTypeStrs>
						<devTypeStr>iR-ADV C3325</devTypeStr>
						<devTypeStr>iR-ADV C3330</devTypeStr>
					</matchingDevTypeStrs>
				</device>

				<device name="Canon iR-ADV C250/350 PS3">
					<matchingDevTypeStrs>
						<devTypeStr>iR-ADV C250</devTypeStr>
						<devTypeStr>iR-ADV C350</devTypeStr>
						<devTypeStr>iR-ADV C350P</devTypeStr>
					</matchingDevTypeStrs>
				</device>

				<device name="Canon iR-ADV C5030/5035 PS3">
					<matchingDevTypeStrs>
						<devTypeStr>iR-ADV C5030</devTypeStr>
						<devTypeStr>iR-ADV C5035</devTypeStr>
					</matchingDevTypeStrs>
				</device>

				<device name="Canon iR-ADV C5235/5240 PS3">
					<matchingDevTypeStrs>
						<devTypeStr>iR-ADV C5235</devTypeStr>
						<devTypeStr>iR-ADV C5240</devTypeStr>
					</matchingDevTypeStrs>
				</device>

				<device name="Canon iR-ADV C5535/5540 PS3">
					<matchingDevTypeStrs>
						<devTypeStr>iR-ADV C5535</devTypeStr>
						<devTypeStr>iR-ADV C5540</devTypeStr>
					</matchingDevTypeStrs>
				</device>

				<device name="Canon iR-ADV C5045/5051 PS3">
					<matchingDevTypeStrs>
						<devTypeStr>iR-ADV C5045</devTypeStr>
						<devTypeStr>iR-ADV C5051</devTypeStr>
					</matchingDevTypeStrs>
				</device>

				<device name="Canon iR-ADV C5250/5255 PS3">
					<matchingDevTypeStrs>
						<devTypeStr>iR-ADV C5250</devTypeStr>
						<devTypeStr>iR-ADV C5255</devTypeStr>
					</matchingDevTypeStrs>
				</device>

				<device name="Canon iR-ADV C5550/5560 PS3">
					<matchingDevTypeStrs>
						<devTypeStr>iR-ADV C5550</devTypeStr>
						<devTypeStr>iR-ADV C5560</devTypeStr>
					</matchingDevTypeStrs>
				</device>

				<device name="Canon iR-ADV C7055/7065 PS3">
					<matchingDevTypeStrs>
						<devTypeStr>iR-ADV C7055</devTypeStr>
						<devTypeStr>iR-ADV C7065</devTypeStr>
					</matchingDevTypeStrs>
				</device>

				<device name="Canon iR-ADV C7565 PS3">
					<matchingDevTypeStrs>
						<devTypeStr>iR-ADV C7565</devTypeStr>
					</matchingDevTypeStrs>
				</device>

				<device name="Canon iR-ADV C7260/7270 PS3">
					<matchingDevTypeStrs>
						<devTypeStr>iR-ADV C7260</devTypeStr>
						<devTypeStr>iR-ADV C7270</devTypeStr>
					</matchingDevTypeStrs>
				</device>

				<device name="Canon iR-ADV C9065/9075 PS3">
					<matchingDevTypeStrs>
						<devTypeStr>iR-ADV C9065</devTypeStr>
						<devTypeStr>iR-ADV C9075</devTypeStr>
					</matchingDevTypeStrs>
				</device>

				<device name="Canon iR-ADV C7580/7570 PS3">
					<matchingDevTypeStrs>
						<devTypeStr>iR-ADV C7580</devTypeStr>
						<devTypeStr>iR-ADV C7570</devTypeStr>
					</matchingDevTypeStrs>
				</device>

				<device name="Canon iR-ADV C9270/9280 PS3">
					<matchingDevTypeStrs>
						<devTypeStr>iR-ADV C9270</devTypeStr>
						<devTypeStr>iR-ADV C9280</devTypeStr>
					</matchingDevTypeStrs>
				</device>

				<device name="Canon iPR1110/1125/1135 PS3">
					<matchingDevTypeStrs>
						<devTypeStr>iPR1110</devTypeStr>
						<devTypeStr>iPR1125</devTypeStr>
						<devTypeStr>iPR1135</devTypeStr>
					</matchingDevTypeStrs>
				</device>

				<device name="Canon iPR C6010 PS3">
					<matchingDevTypeStrs>
						<devTypeStr>iPR C6010</devTypeStr>
					</matchingDevTypeStrs>
				</device>

				<device name="Canon iPR C6010VP PS3">
					<matchingDevTypeStrs>
						<devTypeStr>iPR C6010VP</devTypeStr>
					</matchingDevTypeStrs>
				</device>

				<device name="Canon iPR C7010VP PS3">
					<matchingDevTypeStrs>
						<devTypeStr>iPR C7010VP</devTypeStr>
					</matchingDevTypeStrs>
				</device>

				<device name="Canon iPR C700/800 PS3">
					<matchingDevTypeStrs>
						<devTypeStr>iPR C700</devTypeStr>
						<devTypeStr>iPR C800</devTypeStr>
					</matchingDevTypeStrs>
				</device>

				<device name="Canon MF410 Series PS3">
					<matchingDevTypeStrs>
						<devTypeStr>MF410 Series</devTypeStr>
					</matchingDevTypeStrs>
				</device>

				<device name="Canon MF510 Series PS3">
					<matchingDevTypeStrs>
						<devTypeStr>MF510 Series</devTypeStr>
					</matchingDevTypeStrs>
				</device>

				<device name="Canon MF720C Series PS3">
					<matchingDevTypeStrs>
						<devTypeStr>MF720C Series</devTypeStr>
					</matchingDevTypeStrs>
				</device>

				<device name="Canon MF9200 Series PS3">
					<matchingDevTypeStrs>
						<devTypeStr>MF9280</devTypeStr>
						<devTypeStr>MF9220</devTypeStr>
					</matchingDevTypeStrs>
				</device>

				<device name="Canon MF810/820 PS3">
					<matchingDevTypeStrs>
						<devTypeStr>MF820</devTypeStr>
						<devTypeStr>MF810</devTypeStr>
					</matchingDevTypeStrs>
				</device>

				<device name="Canon LBP252 PS3">
					<matchingDevTypeStrs>
						<devTypeStr>LBP252</devTypeStr>
					</matchingDevTypeStrs>
				</device>

				<device name="Canon LBP253 PS3">
					<matchingDevTypeStrs>
						<devTypeStr>LBP253</devTypeStr>
					</matchingDevTypeStrs>
				</device>

				<device name="Canon LBP351/352 PS3">
					<matchingDevTypeStrs>
						<devTypeStr>LBP351dn</devTypeStr>
						<devTypeStr>LBP352dn</devTypeStr>
						<devTypeStr>LBP351x</devTypeStr>
						<devTypeStr>LBP352x</devTypeStr>
					</matchingDevTypeStrs>
				</device>

				<device name="Canon LBP6650/3470 PS3">
					<matchingDevTypeStrs>
						<devTypeStr>LBP6650</devTypeStr>
						<devTypeStr>LBP3470</devTypeStr>
					</matchingDevTypeStrs>
				</device>

				<device name="Canon LBP6670 PS3">
					<matchingDevTypeStrs>
						<devTypeStr>LBP6670</devTypeStr>
					</matchingDevTypeStrs>
				</device>

				<device name="Canon LBP6680/3480 PS3">
					<matchingDevTypeStrs>
						<devTypeStr>LBP6680</devTypeStr>
						<devTypeStr>LBP3480</devTypeStr>
					</matchingDevTypeStrs>
				</device>

				<device name="Canon LBP6750/3560 PS3">
					<matchingDevTypeStrs>
						<devTypeStr>LBP6750</devTypeStr>
						<devTypeStr>LBP3560</devTypeStr>
					</matchingDevTypeStrs>
				</device>

				<device name="Canon LBP6780/3580 PS3">
					<matchingDevTypeStrs>
						<devTypeStr>LBP6780</devTypeStr>
						<devTypeStr>LBP3580</devTypeStr>
					</matchingDevTypeStrs>
				</device>

				<device name="Canon LBP7660C PS3">
					<matchingDevTypeStrs>
						<devTypeStr>LBP7660C</devTypeStr>
					</matchingDevTypeStrs>
				</device>

				<device name="Canon LBP7680C/5280 PS3">
					<matchingDevTypeStrs>
						<devTypeStr>LBP5280</devTypeStr>
						<devTypeStr>LBP7680C</devTypeStr>
					</matchingDevTypeStrs>
				</device>

				<device name="Canon LBP7780C/5480 PS3">
					<matchingDevTypeStrs>
						<devTypeStr>LBP7780C</devTypeStr>
						<devTypeStr>LBP5480</devTypeStr>
					</matchingDevTypeStrs>
				</device>

				<device name="Canon LBP712C PS3">
					<matchingDevTypeStrs>
						<devTypeStr>LBP712Cdn</devTypeStr>
						<devTypeStr>LBP712Cx</devTypeStr>
					</matchingDevTypeStrs>
				</device>

			</deviceList>
		</method>
	</methodList>
</discovery>
