﻿<?xml version="1.0" encoding="utf-8"?>
<bidi:Definition xmlns:xsi="http://www.w3.org/2001/XMLSchema-instance" xmlns:bidi="http://schemas.microsoft.com/windows/2005/03/printing/bidi" xsi:schemaLocation="http://schemas.microsoft.com/windows/2005/03/printing/bidi wsdbidi.xsd">
  <!--Version 3.14-->
  <Schema xmlns:nprt="http://schemas.microsoft.com/windows/2006/08/wdp/print" xmlns:hpprt="http://www.hp.com/schemas/imaging/con/hpprt/2014/08/22" xmlns:wprt="http://schemas.microsoft.com/windows/2006/08/wdp/print">
    <Property name="Printer">
      <!--Query for Status-->
      <Property name="Status">
        <Property name="Summary">
          <Value name="StateReason" query="nprt:PrinterStatus" filter="nprt:PrinterStatus/nprt:PrinterPrimaryStateReason" type="BIDI_STRING" />
        </Property>
      </Property>
      <Property name="Configuration">
        <Property name="PrintContract">
          <Value name="VersionMajor" query="wprt:PrinterConfiguration" filter="wprt:PrinterConfiguration/hpprt:OemPrinterConfiguration/hpprt:PCVersion/hpprt:Major" drvPrinterEvent="true" type="BIDI_INT" />
          <Value name="VersionMinor" query="wprt:PrinterConfiguration" filter="wprt:PrinterConfiguration/hpprt:OemPrinterConfiguration/hpprt:PCVersion/hpprt:Minor" drvPrinterEvent="true" type="BIDI_INT" />
        </Property>
      </Property>
      <!--Queries for InputBins-->
      <Property name="Layout">
        <Property name="InputBins">
          <Property name="Tray003">
            <Installed name="Installed" query="wprt:PrinterConfiguration" filter="wprt:PrinterConfiguration/wprt:InputBins/wprt:InputBinEntry[@wprt:Name=&quot;Tray 3&quot; or @wprt:Name=&quot;Tray3&quot;]" drvPrinterEvent="true" />
            <Value name="MediaSize" query="wprt:PrinterConfiguration" filter="wprt:PrinterConfiguration/wprt:InputBins/wprt:InputBinEntry[@wprt:Name=&quot;Tray 3&quot; or @wprt:Name=&quot;Tray3&quot;]/wprt:MediaSize" type="BIDI_STRING" drvPrinterEvent="true" />
            <Value name="MediaType" query="wprt:PrinterConfiguration" filter="wprt:PrinterConfiguration/wprt:InputBins/wprt:InputBinEntry[@wprt:Name=&quot;Tray 3&quot; or @wprt:Name=&quot;Tray3&quot;]/wprt:MediaType" type="BIDI_STRING" drvPrinterEvent="true" />
            <Value name="MediaColor" query="wprt:PrinterConfiguration" filter="wprt:PrinterConfiguration/wprt:InputBins/wprt:InputBinEntry[@wprt:Name=&quot;Tray 3&quot; or @wprt:Name=&quot;Tray3&quot;]/wprt:MediaColor" type="BIDI_STRING" drvPrinterEvent="true" />
            <Value name="FeedDirection" query="wprt:PrinterConfiguration" filter="wprt:PrinterConfiguration/wprt:InputBins/wprt:InputBinEntry[@wprt:Name=&quot;Tray 3&quot; or @wprt:Name=&quot;Tray3&quot;]/wprt:FeedDirection" type="BIDI_STRING" drvPrinterEvent="true" />
            <Value name="Capacity" query="wprt:PrinterConfiguration" filter="wprt:PrinterConfiguration/wprt:InputBins/wprt:InputBinEntry[@wprt:Name=&quot;Tray 3&quot; or @wprt:Name=&quot;Tray3&quot;]/wprt:Capacity" type="BIDI_INT" drvPrinterEvent="true" />
            <Value name="Level" query="wprt:PrinterConfiguration" filter="wprt:PrinterConfiguration/wprt:InputBins/wprt:InputBinEntry[@wprt:Name=&quot;Tray 3&quot; or @wprt:Name=&quot;Tray3&quot;]/wprt:Level" type="BIDI_INT" drvPrinterEvent="true" />
          </Property>
          <Property name="Tray005">
            <Installed name="Installed" query="wprt:PrinterConfiguration" filter="wprt:PrinterConfiguration/wprt:InputBins/wprt:InputBinEntry[@wprt:Name=&quot;Tray 4&quot; or @wprt:Name=&quot;Tray4&quot;]" drvPrinterEvent="true" />
            <Value name="MediaSize" query="wprt:PrinterConfiguration" filter="wprt:PrinterConfiguration/wprt:InputBins/wprt:InputBinEntry[@wprt:Name=&quot;Tray 4&quot; or @wprt:Name=&quot;Tray4&quot;]/wprt:MediaSize" type="BIDI_STRING" drvPrinterEvent="true" />
            <Value name="MediaType" query="wprt:PrinterConfiguration" filter="wprt:PrinterConfiguration/wprt:InputBins/wprt:InputBinEntry[@wprt:Name=&quot;Tray 4&quot; or @wprt:Name=&quot;Tray4&quot;]/wprt:MediaType" type="BIDI_STRING" drvPrinterEvent="true" />
            <Value name="MediaColor" query="wprt:PrinterConfiguration" filter="wprt:PrinterConfiguration/wprt:InputBins/wprt:InputBinEntry[@wprt:Name=&quot;Tray 4&quot; or @wprt:Name=&quot;Tray4&quot;]/wprt:MediaColor" type="BIDI_STRING" drvPrinterEvent="true" />
            <Value name="FeedDirection" query="wprt:PrinterConfiguration" filter="wprt:PrinterConfiguration/wprt:InputBins/wprt:InputBinEntry[@wprt:Name=&quot;Tray 4&quot; or @wprt:Name=&quot;Tray4&quot;]/wprt:FeedDirection" type="BIDI_STRING" drvPrinterEvent="true" />
            <Value name="Capacity" query="wprt:PrinterConfiguration" filter="wprt:PrinterConfiguration/wprt:InputBins/wprt:InputBinEntry[@wprt:Name=&quot;Tray 4&quot; or @wprt:Name=&quot;Tray4&quot;]/wprt:Capacity" type="BIDI_INT" drvPrinterEvent="true" />
            <Value name="Level" query="wprt:PrinterConfiguration" filter="wprt:PrinterConfiguration/wprt:InputBins/wprt:InputBinEntry[@wprt:Name=&quot;Tray 4&quot; or @wprt:Name=&quot;Tray4&quot;]/wprt:Level" type="BIDI_INT" drvPrinterEvent="true" />
          </Property>
          <Property name="Tray006">
            <Installed name="Installed" query="wprt:PrinterConfiguration" filter="wprt:PrinterConfiguration/wprt:InputBins/wprt:InputBinEntry[@wprt:Name=&quot;Tray 5&quot; or @wprt:Name=&quot;Tray5&quot;]" drvPrinterEvent="true" />
            <Value name="MediaSize" query="wprt:PrinterConfiguration" filter="wprt:PrinterConfiguration/wprt:InputBins/wprt:InputBinEntry[@wprt:Name=&quot;Tray 5&quot; or @wprt:Name=&quot;Tray5&quot;]/wprt:MediaSize" type="BIDI_STRING" drvPrinterEvent="true" />
            <Value name="MediaType" query="wprt:PrinterConfiguration" filter="wprt:PrinterConfiguration/wprt:InputBins/wprt:InputBinEntry[@wprt:Name=&quot;Tray 5&quot; or @wprt:Name=&quot;Tray5&quot;]/wprt:MediaType" type="BIDI_STRING" drvPrinterEvent="true" />
            <Value name="MediaColor" query="wprt:PrinterConfiguration" filter="wprt:PrinterConfiguration/wprt:InputBins/wprt:InputBinEntry[@wprt:Name=&quot;Tray 5&quot; or @wprt:Name=&quot;Tray5&quot;]/wprt:MediaColor" type="BIDI_STRING" drvPrinterEvent="true" />
            <Value name="FeedDirection" query="wprt:PrinterConfiguration" filter="wprt:PrinterConfiguration/wprt:InputBins/wprt:InputBinEntry[@wprt:Name=&quot;Tray 5&quot; or @wprt:Name=&quot;Tray5&quot;]/wprt:FeedDirection" type="BIDI_STRING" drvPrinterEvent="true" />
            <Value name="Capacity" query="wprt:PrinterConfiguration" filter="wprt:PrinterConfiguration/wprt:InputBins/wprt:InputBinEntry[@wprt:Name=&quot;Tray 5&quot; or @wprt:Name=&quot;Tray5&quot;]/wprt:Capacity" type="BIDI_INT" drvPrinterEvent="true" />
            <Value name="Level" query="wprt:PrinterConfiguration" filter="wprt:PrinterConfiguration/wprt:InputBins/wprt:InputBinEntry[@wprt:Name=&quot;Tray 5&quot; or @wprt:Name=&quot;Tray5&quot;]/wprt:Level" type="BIDI_INT" drvPrinterEvent="true" />
          </Property>
        </Property>
      </Property>
      <Property name="Finishing">
        <!--Queries for OutputBins(Non PC Way)-->
        <Value name="ConvertMode" query="wprt:PrinterConfiguration" filter="wprt:PrinterConfiguration/wprt:OutputBins/wprt:OutputBinEntry/hpprt:Model" type="BIDI_STRING" />
        <!--Queries for OutputBins-->
        <Property name="OutputBins">
          <Property name="OpMode">
            <Installed name="Installed" query="wprt:PrinterConfiguration" filter="wprt:PrinterConfiguration/wprt:OutputBins/wprt:OutputBinEntry[@wprt:Name=&quot;Engine-optional1&quot; or @wprt:Name=&quot;Mailbox1&quot;or @wprt:Name=&quot;Mailbox2&quot;]" drvPrinterEvent="true" />
          </Property>
          <Property name="Bin1">
            <Value name="Name" query="wprt:PrinterConfiguration" filter="wprt:PrinterConfiguration/wprt:OutputBins/wprt:OutputBinEntry[1]/@wprt:Name" drvPrinterEvent="true" type="BIDI_STRING" />
            <Value name="Booklet" query="wprt:PrinterConfiguration" filter="wprt:PrinterConfiguration/wprt:OutputBins/wprt:OutputBinEntry[1]/@hpprt:PhysicalFoldUnit" drvPrinterEvent="true" type="BIDI_STRING" />
          </Property>
          <Property name="Bin2">
            <Value name="Name" query="wprt:PrinterConfiguration" filter="wprt:PrinterConfiguration/wprt:OutputBins/wprt:OutputBinEntry[2]/@wprt:Name" drvPrinterEvent="true" type="BIDI_STRING" />
            <Value name="Booklet" query="wprt:PrinterConfiguration" filter="wprt:PrinterConfiguration/wprt:OutputBins/wprt:OutputBinEntry[2]/@hpprt:PhysicalFoldUnit" drvPrinterEvent="true" type="BIDI_STRING" />
          </Property>
        </Property>
        <!--Queries for Stapling-->
        <Property name="Staplings">
          <Property name="StaplingUnit">
            <Value name="Installed" query="wprt:PrinterConfiguration" filter="wprt:PrinterConfiguration/wprt:Finishings/wprt:StaplerInstalled" drvPrinterEvent="true" type="BIDI_STRING" />
          </Property>
          <Property name="StapletypeLeft1pt">
            <Value name="Installed" query="wprt:PrinterCapabilities" filter="wprt:PrinterCapabilities/wprt:JobValues/wprt:JobProcessing/wprt:JobFinishings/wprt:Staple/wprt:Location/wprt:AllowedValue[text()=&quot;StapleTopLeft&quot;]" drvPrinterEvent="true" type="BIDI_STRING" />
          </Property>
          <Property name="StapletypeLeft2pt">
            <Value name="Installed" query="wprt:PrinterCapabilities" filter="wprt:PrinterCapabilities/wprt:JobValues/wprt:JobProcessing/wprt:JobFinishings/wprt:Staple/wprt:Location/wprt:AllowedValue[text()=&quot;StapleDualLeft&quot;]" drvPrinterEvent="true" type="BIDI_STRING" />
          </Property>
          <Property name="StapletypeLeft3pt">
            <Value name="Installed" query="wprt:PrinterCapabilities" filter="wprt:PrinterCapabilities/wprt:JobValues/wprt:JobProcessing/wprt:JobFinishings/wprt:Staple/wprt:Location/wprt:AllowedValue[text()=&quot;StapleTripleLeft&quot;]" drvPrinterEvent="true" type="BIDI_STRING" />
          </Property>
          <Property name="StapletypeRight1pt">
            <Value name="Installed" query="wprt:PrinterCapabilities" filter="wprt:PrinterCapabilities/wprt:JobValues/wprt:JobProcessing/wprt:JobFinishings/wprt:Staple/wprt:Location/wprt:AllowedValue[text()=&quot;StapleTopRight&quot;]" drvPrinterEvent="true" type="BIDI_STRING" />
          </Property>
          <Property name="StapletypeRight2pt">
            <Value name="Installed" query="wprt:PrinterCapabilities" filter="wprt:PrinterCapabilities/wprt:JobValues/wprt:JobProcessing/wprt:JobFinishings/wprt:Staple/wprt:Location/wprt:AllowedValue[text()=&quot;StapleDualRight&quot;]" drvPrinterEvent="true" type="BIDI_STRING" />
          </Property>
          <Property name="StapletypeRight3pt">
            <Value name="Installed" query="wprt:PrinterCapabilities" filter="wprt:PrinterCapabilities/wprt:JobValues/wprt:JobProcessing/wprt:JobFinishings/wprt:Staple/wprt:Location/wprt:AllowedValue[text()=&quot;StapleTripleRight&quot;]" drvPrinterEvent="true" type="BIDI_STRING" />
          </Property>
          <Property name="StapletypeTop2pt">
            <Value name="Installed" query="wprt:PrinterCapabilities" filter="wprt:PrinterCapabilities/wprt:JobValues/wprt:JobProcessing/wprt:JobFinishings/wprt:Staple/wprt:Location/wprt:AllowedValue[text()=&quot;StapleDualTop&quot;]" drvPrinterEvent="true" type="BIDI_STRING" />
          </Property>
          <Property name="StapletypeTop3pt">
            <Value name="Installed" query="wprt:PrinterCapabilities" filter="wprt:PrinterCapabilities/wprt:JobValues/wprt:JobProcessing/wprt:JobFinishings/wprt:Staple/wprt:Location/wprt:AllowedValue[text()=&quot;StapleTripleTop&quot;]" drvPrinterEvent="true" type="BIDI_STRING" />
          </Property>
          <Property name="StapletypeBottom2pt">
            <Value name="Installed" query="wprt:PrinterCapabilities" filter="wprt:PrinterCapabilities/wprt:JobValues/wprt:JobProcessing/wprt:JobFinishings/wprt:Staple/wprt:Location/wprt:AllowedValue[text()=&quot;StapleDualBottom&quot;]" drvPrinterEvent="true" type="BIDI_STRING" />
          </Property>
          <Property name="StapletypeBottom3pt">
            <Value name="Installed" query="wprt:PrinterCapabilities" filter="wprt:PrinterCapabilities/wprt:JobValues/wprt:JobProcessing/wprt:JobFinishings/wprt:Staple/wprt:Location/wprt:AllowedValue[text()=&quot;StapleTripleBottom&quot;]" drvPrinterEvent="true" type="BIDI_STRING" />
          </Property>
        </Property>
        <!--Queries for Punching-->
        <Property name="Punchings">
          <Property name="PunchingUnit">
            <Value name="Installed" query="wprt:PrinterConfiguration" filter="wprt:PrinterConfiguration/wprt:Finishings/wprt:HolePunchInstalled" drvPrinterEvent="true" type="BIDI_STRING" />
          </Property>
          <Property name="PunchLeft2pt">
            <Value name="Installed" query="wprt:PrinterCapabilities" filter="wprt:PrinterCapabilities/wprt:JobValues/wprt:JobProcessing/wprt:JobFinishings/wprt:HolePunch/wprt:Pattern/wprt:AllowedValue[text()=&quot;TwoHolesLeft&quot;]" drvPrinterEvent="true" type="BIDI_STRING" />
          </Property>
          <Property name="PunchRight2pt">
            <Value name="Installed" query="wprt:PrinterCapabilities" filter="wprt:PrinterCapabilities/wprt:JobValues/wprt:JobProcessing/wprt:JobFinishings/wprt:HolePunch/wprt:Pattern/wprt:AllowedValue[text()=&quot;TwoHolesRight&quot;]" drvPrinterEvent="true" type="BIDI_STRING" />
          </Property>
          <Property name="PunchTop2pt">
            <Value name="Installed" query="wprt:PrinterCapabilities" filter="wprt:PrinterCapabilities/wprt:JobValues/wprt:JobProcessing/wprt:JobFinishings/wprt:HolePunch/wprt:Pattern/wprt:AllowedValue[text()=&quot;TwoHolesTop&quot;]" drvPrinterEvent="true" type="BIDI_STRING" />
          </Property>
          <Property name="PunchBottom2pt">
            <Value name="Installed" query="wprt:PrinterCapabilities" filter="wprt:PrinterCapabilities/wprt:JobValues/wprt:JobProcessing/wprt:JobFinishings/wprt:HolePunch/wprt:Pattern/wprt:AllowedValue[text()=&quot;TwoHolesBottom&quot;]" drvPrinterEvent="true" type="BIDI_STRING" />
          </Property>
          <Property name="PunchLeft3pt">
            <Value name="Installed" query="wprt:PrinterCapabilities" filter="wprt:PrinterCapabilities/wprt:JobValues/wprt:JobProcessing/wprt:JobFinishings/wprt:HolePunch/wprt:Pattern/wprt:AllowedValue[text()=&quot;ThreeHolesLeft&quot;]" drvPrinterEvent="true" type="BIDI_STRING" />
          </Property>
          <Property name="PunchRight3pt">
            <Value name="Installed" query="wprt:PrinterCapabilities" filter="wprt:PrinterCapabilities/wprt:JobValues/wprt:JobProcessing/wprt:JobFinishings/wprt:HolePunch/wprt:Pattern/wprt:AllowedValue[text()=&quot;ThreeHolesRight&quot;]" drvPrinterEvent="true" type="BIDI_STRING" />
          </Property>
          <Property name="PunchTop3pt">
            <Value name="Installed" query="wprt:PrinterCapabilities" filter="wprt:PrinterCapabilities/wprt:JobValues/wprt:JobProcessing/wprt:JobFinishings/wprt:HolePunch/wprt:Pattern/wprt:AllowedValue[text()=&quot;ThreeHolesTop&quot;]" drvPrinterEvent="true" type="BIDI_STRING" />
          </Property>
          <Property name="PunchBottom3pt">
            <Value name="Installed" query="wprt:PrinterCapabilities" filter="wprt:PrinterCapabilities/wprt:JobValues/wprt:JobProcessing/wprt:JobFinishings/wprt:HolePunch/wprt:Pattern/wprt:AllowedValue[text()=&quot;ThreeHolesBottom&quot;]" drvPrinterEvent="true" type="BIDI_STRING" />
          </Property>
          <Property name="PunchLeft4pt">
            <Value name="Installed" query="wprt:PrinterCapabilities" filter="wprt:PrinterCapabilities/wprt:JobValues/wprt:JobProcessing/wprt:JobFinishings/wprt:HolePunch/wprt:Pattern/wprt:AllowedValue[text()=&quot;FourHolesLeft&quot;]" drvPrinterEvent="true" type="BIDI_STRING" />
          </Property>
          <Property name="PunchRight4pt">
            <Value name="Installed" query="wprt:PrinterCapabilities" filter="wprt:PrinterCapabilities/wprt:JobValues/wprt:JobProcessing/wprt:JobFinishings/wprt:HolePunch/wprt:Pattern/wprt:AllowedValue[text()=&quot;FourHolesRight&quot;]" drvPrinterEvent="true" type="BIDI_STRING" />
          </Property>
          <Property name="PunchTop4pt">
            <Value name="Installed" query="wprt:PrinterCapabilities" filter="wprt:PrinterCapabilities/wprt:JobValues/wprt:JobProcessing/wprt:JobFinishings/wprt:HolePunch/wprt:Pattern/wprt:AllowedValue[text()=&quot;FourHolesTop&quot;]" drvPrinterEvent="true" type="BIDI_STRING" />
          </Property>
          <Property name="PunchBottom4pt">
            <Value name="Installed" query="wprt:PrinterCapabilities" filter="wprt:PrinterCapabilities/wprt:JobValues/wprt:JobProcessing/wprt:JobFinishings/wprt:HolePunch/wprt:Pattern/wprt:AllowedValue[text()=&quot;FourHolesBottom&quot;]" drvPrinterEvent="true" type="BIDI_STRING" />
          </Property>
          <Property name="Region">
            <Value name="Name" query="wprt:PrinterCapabilities" filter="wprt:PrinterCapabilities/wprt:JobValues/wprt:JobProcessing/wprt:JobFinishings/wprt:HolePunch/wprt:Pattern/wprt:AllowedValue[text()=&quot;FourHolesLeft&quot;]/@hpprt:PunchUnitRegion" drvPrinterEvent="true" type="BIDI_STRING" />
          </Property>
        </Property>
        <!--Queries for Booklet Maker-->
        <!--Queries for Folding-->
      </Property>
    </Property>
  </Schema>
  <PortStatus>
    <Status>
      <Keyword>None</Keyword>
      <Code>0</Code>
      <Severity>0</Severity>
    </Status>
    <Status>
      <Keyword>AttentionRequired</Keyword>
      <Code>8</Code>
      <Severity>1</Severity>
    </Status>
    <Status>
      <Keyword>DoorOpen</Keyword>
      <Code>7</Code>
      <Severity>1</Severity>
    </Status>
    <Status>
      <Keyword>MarkerFailure</Keyword>
      <ResourceIdOffset>0</ResourceIdOffset>
      <Severity>1</Severity>
    </Status>
    <Status>
      <Keyword>MarkerSupplyLow</Keyword>
      <Code>10</Code>
      <Severity>2</Severity>
    </Status>
    <Status>
      <Keyword>MarkerSupplyEmpty</Keyword>
      <Code>6</Code>
      <Severity>1</Severity>
    </Status>
    <Status>
      <Keyword>MediaEmpty</Keyword>
      <Code>3</Code>
      <Severity>1</Severity>
    </Status>
    <Status>
      <Keyword>MediaJam</Keyword>
      <Code>2</Code>
      <Severity>1</Severity>
    </Status>
    <Status>
      <Keyword>MediaLow</Keyword>
      <ResourceIdOffset>1</ResourceIdOffset>
      <Severity>2</Severity>
    </Status>
    <Status>
      <Keyword>MediaNeeded</Keyword>
      <Code>5</Code>
      <Severity>1</Severity>
    </Status>
    <Status>
      <Keyword>OutputAreaAlmostFull</Keyword>
      <ResourceIdOffset>2</ResourceIdOffset>
      <Severity>2</Severity>
    </Status>
    <Status>
      <Keyword>OutputAreaFull</Keyword>
      <Code>4</Code>
      <Severity>1</Severity>
    </Status>
    <Status>
      <Keyword>Paused</Keyword>
      <ResourceIdOffset>3</ResourceIdOffset>
      <Severity>3</Severity>
    </Status>
  </PortStatus>
</bidi:Definition>