﻿<?xml version="1.0" encoding="utf-8"?>
<bidi:Schema xmlns:bidi="http://schemas.microsoft.com/windows/2010/09/printing/usbbidi">
  <!--Version 3.17-->
  <Property name="Printer">
    <Property name="Configuration">
      <Property name="DuplexUnit">
        <Value name="Installed" accessType="Get" type="BIDI_BOOL" queryKey="\Printer.Configuration.DuplexUnit:Installed;MultiStrCompBool;GetSimplePrinterAttributes;sides-supported;two-sided-long-edge;two-sided-short-edge" drvPrinterEvent="true" />
      </Property>
      <Property name="PrintContract">
        <Value name="VersionMajor" accessType="Get" type="BIDI_STRING" queryKey="\Printer.Configuration.PrintContract:VersionMajor;GetAttributeString;GetSimplePrinterAttributes;hp-pc-version-major" drvPrinterEvent="true" />
        <Value name="VersionMinor" accessType="Get" type="BIDI_STRING" queryKey="\Printer.Configuration.PrintContract:VersionMinor;GetAttributeString;GetSimplePrinterAttributes;hp-pc-version-minor" drvPrinterEvent="true" />
      </Property>
    </Property>
    <!-- Query for Status-->
    <Property name="Status">
      <Property name="Summary">
        <Value name="StateReason" accessType="Get" type="BIDI_STRING" queryKey="\Printer.Status.Summary:StateReason;GetAttributeString;GetSimplePrinterAttributes;printer-state-reasons" drvPrinterEvent="true" />
      </Property>
    </Property>
    <!-- Query for InputBins-->
    <Property name="Layout">
      <Property name="InputBins">
        <Property name="Tray003">
          <Value name="Installed" accessType="Get" type="BIDI_BOOL" queryKey="\Printer.Layout.InputBins.Tray003:Installed;GetOctetStringValues2;GetSimplePrinterAttributes;printer-input-tray;Tray 3" drvPrinterEvent="true" />
          <Value name="MediaType" accessType="Get" type="BIDI_STRING" queryKey="\Printer.Layout.InputBins.Tray003:MediaType;GetAttributeString;GetTrayAttributes;media-col-ready;tray-3;media-type" drvPrinterEvent="true" />
          <Value name="MediaSize" accessType="Get" type="BIDI_STRING" queryKey="\Printer.Layout.InputBins.Tray003:MediaSize;GetAttributeString;GetTrayAttributes;media-col-ready;tray-3;media-size.media-size-name" drvPrinterEvent="true" />
          <Value name="FeedDirection" accessType="Get" type="BIDI_STRING" queryKey="\Printer.Layout.InputBins.Tray003:FeedDirection;GetAttributeString;GetTrayAttributes;media-col-ready;tray-3;media-source-properties.media-source-feed-direction" drvPrinterEvent="true" />
          <Value name="Capacity" accessType="Get" type="BIDI_STRING" queryKey="\Printer.Layout.InputBins.Tray003:Capacity;GetOctetStringValues;GetSimplePrinterAttributes;printer-input-tray;Tray 3;maxcapacity" drvPrinterEvent="true" />
          <Value name="Level" accessType="Get" type="BIDI_STRING" queryKey="\Printer.Layout.InputBins.Tray003:Level;GetOctetStringValues;GetSimplePrinterAttributes;printer-input-tray;Tray 3;level" drvPrinterEvent="true" />
        </Property>
        <Property name="Tray005">
          <Value name="Installed" accessType="Get" type="BIDI_BOOL" queryKey="\Printer.Layout.InputBins.Tray005:Installed;GetOctetStringValues2;GetSimplePrinterAttributes;printer-input-tray;Tray 4" drvPrinterEvent="true" />
          <Value name="MediaType" accessType="Get" type="BIDI_STRING" queryKey="\Printer.Layout.InputBins.Tray005:MediaType;GetAttributeString;GetTrayAttributes;media-col-ready;tray-4;media-type" drvPrinterEvent="true" />
          <Value name="MediaSize" accessType="Get" type="BIDI_STRING" queryKey="\Printer.Layout.InputBins.Tray005:MediaSize;GetAttributeString;GetTrayAttributes;media-col-ready;tray-4;media-size.media-size-name" drvPrinterEvent="true" />
          <Value name="FeedDirection" accessType="Get" type="BIDI_STRING" queryKey="\Printer.Layout.InputBins.Tray005:FeedDirection;GetAttributeString;GetTrayAttributes;media-col-ready;tray-4;media-source-properties.media-source-feed-direction" drvPrinterEvent="true" />
          <Value name="Capacity" accessType="Get" type="BIDI_STRING" queryKey="\Printer.Layout.InputBins.Tray005:Capacity;GetOctetStringValues;GetSimplePrinterAttributes;printer-input-tray;Tray 4;maxcapacity" drvPrinterEvent="true" />
          <Value name="Level" accessType="Get" type="BIDI_STRING" queryKey="\Printer.Layout.InputBins.Tray005:Level;GetOctetStringValues;GetSimplePrinterAttributes;printer-input-tray;Tray 4;level" drvPrinterEvent="true" />
        </Property>
        <Property name="Tray006">
          <Value name="Installed" accessType="Get" type="BIDI_BOOL" queryKey="\Printer.Layout.InputBins.Tray006:Installed;GetOctetStringValues2;GetSimplePrinterAttributes;printer-input-tray;Tray 5" drvPrinterEvent="true" />
          <Value name="MediaType" accessType="Get" type="BIDI_STRING" queryKey="\Printer.Layout.InputBins.Tray006:MediaType;GetAttributeString;GetTrayAttributes;media-col-ready;tray-5;media-type" drvPrinterEvent="true" />
          <Value name="MediaSize" accessType="Get" type="BIDI_STRING" queryKey="\Printer.Layout.InputBins.Tray006:MediaSize;GetAttributeString;GetTrayAttributes;media-col-ready;tray-5;media-size.media-size-name" drvPrinterEvent="true" />
          <Value name="FeedDirection" accessType="Get" type="BIDI_STRING" queryKey="\Printer.Layout.InputBins.Tray006:FeedDirection;GetAttributeString;GetTrayAttributes;media-col-ready;tray-5;media-source-properties.media-source-feed-direction" drvPrinterEvent="true" />
          <Value name="Capacity" accessType="Get" type="BIDI_STRING" queryKey="\Printer.Layout.InputBins.Tray006:Capacity;GetOctetStringValues;GetSimplePrinterAttributes;printer-input-tray;Tray 5;maxcapacity" drvPrinterEvent="true" />
          <Value name="Level" accessType="Get" type="BIDI_STRING" queryKey="\Printer.Layout.InputBins.Tray006:Level;GetOctetStringValues;GetSimplePrinterAttributes;printer-input-tray;Tray 5;level" drvPrinterEvent="true" />
        </Property>
      </Property>
    </Property>
    <Property name="Finishing">
      <!-- Query for OutputBins (Non PC Way)-->
      <Value name="ConvertMode" accessType="Get" type="BIDI_STRING" queryKey="\Printer.Finishing:ConvertMode;SearchAccessoryBins;GetSimplePrinterAttributes;printer-finisher-description" drvPrinterEvent="true" />
      <!-- Query for OutputBins-->
      <Property name="OutputBins">
        <Property name="OpMode">
          <Value name="Installed" accessType="Get" type="BIDI_BOOL" queryKey="\Printer.Finishing.OutputBins.OpMode:Installed;GetCollectionAttributes;GetSimplePrinterAttributes;hp-outputbins-supported;2;name;3=true,5=true,6=true,7=true;boolean" drvPrinterEvent="true" />
        </Property>
        <Property name="Bin1">
          <Value name="Name" accessType="Get" type="BIDI_STRING" queryKey="\Printer.Finishing.OutputBins.Bin1:Name;GetCollectionAttributes;GetSimplePrinterAttributes;hp-outputbins-supported;1;name;2=Bin0,3=Engine-optional1,4=face-up,5=Mailbox1,6=Mailbox2,7=Mailbox3;string" drvPrinterEvent="true" />
          <Value name="Booklet" accessType="Get" type="BIDI_STRING" queryKey="\Printer.Finishing.OutputBins.Bin1:Booklet;GetCollectionAttributes;GetSimplePrinterAttributes;hp-outputbins-supported;1;physical-fold-unit;1=true,0=false;string" drvPrinterEvent="true" />
        </Property>
        <Property name="Bin2">
          <Value name="Name" accessType="Get" type="BIDI_STRING" queryKey="\Printer.Finishing.OutputBins.Bin2:Name;GetCollectionAttributes;GetSimplePrinterAttributes;hp-outputbins-supported;2;name;2=Bin0,3=Engine-optional1,4=face-up,5=Mailbox1,6=Mailbox2,7=Mailbox3;string" drvPrinterEvent="true" />
          <Value name="Booklet" accessType="Get" type="BIDI_STRING" queryKey="\Printer.Finishing.OutputBins.Bin2:Booklet;GetCollectionAttributes;GetSimplePrinterAttributes;hp-outputbins-supported;2;physical-fold-unit;1=true,0=false;string" drvPrinterEvent="true" />
        </Property>
      </Property>
      <!-- Query for Staplings-->
      <Property name="Staplings">
        <Property name="StaplingUnit">
          <Value name="Installed" accessType="Get" type="BIDI_STRING" queryKey="\Printer.Finishing.Staplings.StaplingUnit:Installed;GetStringFromEnumerations;GetSimplePrinterAttributes;finishings-supported;4;true" drvPrinterEvent="true" />
        </Property>
        <Property name="StapletypeLeft1pt">
          <Value name="Installed" accessType="Get" type="BIDI_STRING" queryKey="\Printer.Finishing.Staplings.StapletypeLeft1pt:Installed;GetStringFromEnumerations;GetSimplePrinterAttributes;finishings-supported;20;StapleTopLeft" drvPrinterEvent="true" />
        </Property>
        <Property name="StapletypeLeft2pt">
          <Value name="Installed" accessType="Get" type="BIDI_STRING" queryKey="\Printer.Finishing.Staplings.StapletypeLeft2pt:Installed;GetStringFromEnumerations;GetSimplePrinterAttributes;finishings-supported;28;StapleDualLeft" drvPrinterEvent="true" />
        </Property>
        <Property name="StapletypeLeft3pt">
          <Value name="Installed" accessType="Get" type="BIDI_STRING" queryKey="\Printer.Finishing.Staplings.StapletypeLeft3pt:Installed;GetStringFromEnumerations;GetSimplePrinterAttributes;finishings-supported;32;StapleTripleLeft" drvPrinterEvent="true" />
        </Property>
        <Property name="StapletypeRight1pt">
          <Value name="Installed" accessType="Get" type="BIDI_STRING" queryKey="\Printer.Finishing.Staplings.StapletypeRight1pt:Installed;GetStringFromEnumerations;GetSimplePrinterAttributes;finishings-supported;22;StapleTopRight" drvPrinterEvent="true" />
        </Property>
        <Property name="StapletypeRight2pt">
          <Value name="Installed" accessType="Get" type="BIDI_STRING" queryKey="\Printer.Finishing.Staplings.StapletypeRight2pt:Installed;GetStringFromEnumerations;GetSimplePrinterAttributes;finishings-supported;30;StapleDualRight" drvPrinterEvent="true" />
        </Property>
        <Property name="StapletypeRight3pt">
          <Value name="Installed" accessType="Get" type="BIDI_STRING" queryKey="\Printer.Finishing.Staplings.StapletypeRight3pt:Installed;GetStringFromEnumerations;GetSimplePrinterAttributes;finishings-supported;34;StapleTripleRight" drvPrinterEvent="true" />
        </Property>
        <Property name="StapletypeTop2pt">
          <Value name="Installed" accessType="Get" type="BIDI_STRING" queryKey="\Printer.Finishing.Staplings.StapletypeTop2pt:Installed;GetStringFromEnumerations;GetSimplePrinterAttributes;finishings-supported;29;StapleDualTop" drvPrinterEvent="true" />
        </Property>
        <Property name="StapletypeTop3pt">
          <Value name="Installed" accessType="Get" type="BIDI_STRING" queryKey="\Printer.Finishing.Staplings.StapletypeTop3pt:Installed;GetStringFromEnumerations;GetSimplePrinterAttributes;finishings-supported;33;StapleTripleTop" drvPrinterEvent="true" />
        </Property>
        <Property name="StapletypeBottom2pt">
          <Value name="Installed" accessType="Get" type="BIDI_STRING" queryKey="\Printer.Finishing.Staplings.StapletypeBottom2pt:Installed;GetStringFromEnumerations;GetSimplePrinterAttributes;finishings-supported;31;StapleDualBottom" drvPrinterEvent="true" />
        </Property>
        <Property name="StapletypeBottom3pt">
          <Value name="Installed" accessType="Get" type="BIDI_STRING" queryKey="\Printer.Finishing.Staplings.StapletypeBottom3pt:Installed;GetStringFromEnumerations;GetSimplePrinterAttributes;finishings-supported;35;StapleTripleBottom" drvPrinterEvent="true" />
        </Property>
      </Property>
      <!-- Query for Punchings-->
      <Property name="Punchings">
        <Property name="PunchingUnit">
          <Value name="Installed" accessType="Get" type="BIDI_STRING" queryKey="\Printer.Finishing.Punchings.PunchingUnit:Installed;GetStringFromEnumerations;GetSimplePrinterAttributes;finishings-supported;5;true" drvPrinterEvent="true" />
        </Property>
        <Property name="PunchLeft2pt">
          <Value name="Installed" accessType="Get" type="BIDI_STRING" queryKey="\Printer.Finishing.Punchings.PunchLeft2pt:Installed;GetStringFromEnumerations;GetSimplePrinterAttributes;finishings-supported;74;TwoHolesLeft" drvPrinterEvent="true" />
        </Property>
        <Property name="PunchRight2pt">
          <Value name="Installed" accessType="Get" type="BIDI_STRING" queryKey="\Printer.Finishing.Punchings.PunchRight2pt:Installed;GetStringFromEnumerations;GetSimplePrinterAttributes;finishings-supported;76;TwoHolesRight" drvPrinterEvent="true" />
        </Property>
        <Property name="PunchTop2pt">
          <Value name="Installed" accessType="Get" type="BIDI_STRING" queryKey="\Printer.Finishing.Punchings.PunchTop2pt:Installed;GetStringFromEnumerations;GetSimplePrinterAttributes;finishings-supported;75;TwoHolesTop" drvPrinterEvent="true" />
        </Property>
        <Property name="PunchBottom2pt">
          <Value name="Installed" accessType="Get" type="BIDI_STRING" queryKey="\Printer.Finishing.Punchings.PunchBottom2pt:Installed;GetStringFromEnumerations;GetSimplePrinterAttributes;finishings-supported;77;TwoHolesBottom" drvPrinterEvent="true" />
        </Property>
        <Property name="PunchLeft3pt">
          <Value name="Installed" accessType="Get" type="BIDI_STRING" queryKey="\Printer.Finishing.Punchings.PunchLeft3pt:Installed;GetStringFromEnumerations;GetSimplePrinterAttributes;finishings-supported;78;ThreeHolesLeft" drvPrinterEvent="true" />
        </Property>
        <Property name="PunchRight3pt">
          <Value name="Installed" accessType="Get" type="BIDI_STRING" queryKey="\Printer.Finishing.Punchings.PunchRight3pt:Installed;GetStringFromEnumerations;GetSimplePrinterAttributes;finishings-supported;80;ThreeHolesRight" drvPrinterEvent="true" />
        </Property>
        <Property name="PunchTop3pt">
          <Value name="Installed" accessType="Get" type="BIDI_STRING" queryKey="\Printer.Finishing.Punchings.PunchTop3pt:Installed;GetStringFromEnumerations;GetSimplePrinterAttributes;finishings-supported;79;ThreeHolesTop" drvPrinterEvent="true" />
        </Property>
        <Property name="PunchBottom3pt">
          <Value name="Installed" accessType="Get" type="BIDI_STRING" queryKey="\Printer.Finishing.Punchings.PunchBottom3pt:Installed;GetStringFromEnumerations;GetSimplePrinterAttributes;finishings-supported;81;ThreeHolesBottom" drvPrinterEvent="true" />
        </Property>
        <Property name="PunchLeft4pt">
          <Value name="Installed" accessType="Get" type="BIDI_STRING" queryKey="\Printer.Finishing.Punchings.PunchLeft4pt:Installed;GetStringFromEnumerations;GetSimplePrinterAttributes;finishings-supported;82;FourHolesLeft" drvPrinterEvent="true" />
        </Property>
        <Property name="PunchRight4pt">
          <Value name="Installed" accessType="Get" type="BIDI_STRING" queryKey="\Printer.Finishing.Punchings.PunchRight4pt:Installed;GetStringFromEnumerations;GetSimplePrinterAttributes;finishings-supported;84;FourHolesRight" drvPrinterEvent="true" />
        </Property>
        <Property name="PunchTop4pt">
          <Value name="Installed" accessType="Get" type="BIDI_STRING" queryKey="\Printer.Finishing.Punchings.PunchTop4pt:Installed;GetStringFromEnumerations;GetSimplePrinterAttributes;finishings-supported;83;FourHolesTop" drvPrinterEvent="true" />
        </Property>
        <Property name="PunchBottom4pt">
          <Value name="Installed" accessType="Get" type="BIDI_STRING" queryKey="\Printer.Finishing.Punchings.PunchBottom4pt:Installed;GetStringFromEnumerations;GetSimplePrinterAttributes;finishings-supported;85;FourHolesBottom" drvPrinterEvent="true" />
        </Property>
        <Property name="Region">
          <Value name="Name" accessType="Get" type="BIDI_STRING" queryKey="\Printer.Finishing.Punchings.Region:Name;GetStringFromEnumerations;GetSimplePrinterAttributes;hp-punch-unit-region;1=us,2=eu,3=sw" drvPrinterEvent="true" />
        </Property>
      </Property>
      <!-- Query for Foldings-->
    </Property>
  </Property>
</bidi:Schema>