<?xml version="1.0" encoding="us-ascii"?>
<bidi:Schema xmlns:xsi="http://www.w3.org/2001/XMLSchema-instance" xmlns:bidi="http://schemas.microsoft.com/windows/2005/03/printing/bidi" xsi:schemaLocation="http://schemas.microsoft.com/windows/2005/03/printing/bidi tcpbidi.xsd">
  <!-- Version 3.16 -->
  <Property name="Printer">
    <!--Omitting the queries for Duplexer, Memory and HardDisk as they are included implicitly in in-OS xml-->
    <!--Queries for Status-->
    <Property name="Status">
      <IndexedProperty name="Summary">
        <Converter name="StateReason" deviceIndex="true" oid="1.3.6.1.2.1.25.3.5.1.2.1" useFirstIndex="true" drvPrinterEvent="true">
          <Conversion mibValue="08" bidiValue="DoorOpen" />
          <Conversion mibValue="0B" bidiValue="DoorOpen" />
          <!--DoorOpen,DoorOpen+CatridgeMissing,DoorOpen+PrinterPaused-->
          <Conversion mibValue="CB" bidiValue="DoorOpen" />
          <!--DoorOpen+OutofPaper-->
          <Conversion mibValue="48" bidiValue="DoorOpen" />
          <!--DoorOpen+OutofPaper_Orion/Nebula-->
          <Conversion mibValue="0F" bidiValue="DoorOpen" />
          <!--DoorOpen+PaperJam-->
          <Conversion mibValue="0C" bidiValue="DoorOpen" />
          <!--DoorOpen+PaperJam_Orion/Nebula-->
          <Conversion mibValue="8B" bidiValue="OutputAreaFull" />
          <!--DoorOpen+OutputbinFull-->
          <Conversion mibValue="40" bidiValue="MediaEmpty" />
          <!--OutOfPaper-->
          <Conversion mibValue="C3" bidiValue="MediaEmpty" />
          <Conversion mibValue="01" bidiValue="cartridgeMissing" />
          <Conversion mibValue="10" bidiValue="cartridgeMissing" />
          <Conversion mibValue="12" bidiValue="cartridgeMissing" />
          <Conversion mibValue="D3" bidiValue="cartridgeMissing" />
          <!--OutOfPaper+CatridgeMissing-->
          <Conversion mibValue="13" bidiValue="cartridgeMissing" />
          <!--CatridgeMissing, CatridgeMissing+PaperJam, CatridgeMissing+PrinterPaused-->
          <Conversion mibValue="04" bidiValue="MediaJam" />
          <Conversion mibValue="07" bidiValue="MediaJam" />
          <!--PaperJam,PaperJam+PrinterPaused-->
          <Conversion mibValue="81" bidiValue="OutputAreaFull" />
          <Conversion mibValue="93" bidiValue="OutputAreaFull" />
          <!--CatridgeMissing+OutputBinFull-->
          <Conversion mibValue="03" bidiValue="paused" />
          <Conversion mibValue="83" bidiValue="paused" />
          <!--OutOfPaper+PrinterPaused-->
          <Conversion mibValue="33" bidiValue="paused" />
          <!--PrinterPaused-->
          <!--Toner is low-->
          <Conversion mibValue="20" bidiValue="LowToner" />
          <Conversion mibValue="21" bidiValue="LowToner" />
          <Conversion mibValue="22" bidiValue="LowToner" />
          <Conversion mibValue="23" bidiValue="LowToner" />
        </Converter>
      </IndexedProperty>
    </Property>
    <Property name="Configuration">
      <!--Queries for PC Version -->
      <Property name="PrintContract">
        <Converter name="VersionMajor" oid="1.3.6.1.4.1.11.2.3.9.4.2.1.4.1.1.41" deviceIndex="false" useFirstIndex="false" drvPrinterEvent="true">
          <Conversion mibValue="0" bidiValue="0" />
          <Conversion mibValue="1" bidiValue="1" />
          <Conversion mibValue="2" bidiValue="2" />
          <Conversion mibValue="3" bidiValue="3" />
          <Conversion mibValue="4" bidiValue="4" />
          <Conversion mibValue="5" bidiValue="5" />
        </Converter>
        <Converter name="VersionMinor" oid="1.3.6.1.4.1.11.2.3.9.4.2.1.4.1.1.42" deviceIndex="false" useFirstIndex="false" drvPrinterEvent="true">
          <Conversion mibValue="0" bidiValue="0" />
          <Conversion mibValue="1" bidiValue="1" />
          <Conversion mibValue="2" bidiValue="2" />
          <Conversion mibValue="3" bidiValue="3" />
          <Conversion mibValue="4" bidiValue="4" />
          <Conversion mibValue="5" bidiValue="5" />
        </Converter>
      </Property>
      <!-- Overwriting Memory, HardDisk and DuplexUnit OID from tcpbidi.xml by increasing refreshinsterval to 24hrs,
           so that the device will not request these OIDs. As a result driver will not wakeup the system every 10 minutes interval -->
      <Property name="Memory">
        <Value name="Size" oid="1.3.6.1.2.1.25.2.2" type="BIDI_INT" drvPrinterEvent="true" refreshInterval="86400" />
      </Property>
      <Property name="HardDisk">
        <Installed name="Installed" oid="1.3.6.1.2.1.25.2.3.1.2" deviceIndex="false" drvPrinterEvent="true" refreshInterval="86400">
          <Lookup value="1.3.6.1.2.1.25.2.1.4" />
        </Installed>
      </Property>
      <Property name="DuplexUnit">
        <Installed name="Installed" oid="1.3.6.1.2.1.43.13.4.1.9" deviceIndex="true" refreshInterval="86400" drvPrinterEvent="true">
          <Lookup value="3" />
          <Lookup value="4" />
        </Installed>
      </Property>
    </Property>
    <!--Queries for InputBins and EnvelopeFeeder-->
    <Property name="Layout">
      <Property name="InputBins">
        <IndexedProperty name="Tray">
          <Converter name="Installed" oid="1.3.6.1.2.1.43.8.2.1.2" deviceIndex="true" useFirstIndex="true" drvPrinterEvent="true">
            <Conversion mibValue="2" bidiValue="True" />
            <Conversion mibValue="3" bidiValue="True" />
            <Conversion mibValue="4" bidiValue="True" />
            <Conversion mibValue="5" bidiValue="True" />
            <Conversion mibValue="6" bidiValue="True" />
            <Conversion mibValue="7" bidiValue="True" />
          </Converter>
        </IndexedProperty>
      </Property>
    </Property>
    <Property name="Finishing">
      <!--Queries for OutputBins (Non PC Way)-->
      <Converter name="ConvertMode" oid="1.3.6.1.4.1.11.2.3.9.4.2.1.1.4.5.2.10" deviceIndex="false" drvPrinterEvent="true">
        <Conversion mibValue="&#xFD;&#xE8;&quot;HP LaserJet 500-Sheet Stapler/Stacker F2G72A&quot;" bidiValue="HP LaserJet 500-Sheet Stapler/Stacker F2G72A" />
        <Conversion mibValue="&#xFD;&#xE8;&quot;HP LaserJet 500-Sheet Stacker F2G71A&quot;" bidiValue="HP LaserJet 500-Sheet Stacker F2G71A" />
        <Conversion mibValue="&#xFD;&#xE8;&quot;HP LaserJet 500-Sheet 5-Bin Mailbox F2G81A&quot;" bidiValue="HP LaserJet 500-Sheet 5-Bin Mailbox F2G81A" />
        <Conversion mibValue="&#xFD;&#xE8;&quot;HP LaserJet 500-Sheet 5-Bin Stacker F2G81A&quot;" bidiValue="HP LaserJet 500-Sheet 5-Bin Stacker F2G81A" />
        <Conversion mibValue="&#xFD;&#xE8;&quot;HP LaserJet 500-Sheet 5-Bin Job Separator F2G81A&quot;" bidiValue="HP LaserJet 500-Sheet 5-Bin Job Separator F2G81A" />
        <Conversion mibValue="&#xFD;&#xE8;&quot;HP LaserJet 500-Sheet 5-Bin Collator F2G81A&quot;" bidiValue="HP LaserJet 500-Sheet 5-Bin Collator F2G81A" />
        <Conversion mibValue="&#xFD;&#xE8;&quot;HP 3-Bin Stapler/Stacker Mailbox STK-2B-STP-210&quot;" bidiValue="HP 3-Bin Stapler/Stacker Mailbox STK-2B-STP-210" />
        <Conversion mibValue="&#xFD;&#xE8;&quot;HP 3-Bin Stapler/Stacker Function Separator STK-2B-STP-210&quot;" bidiValue="HP 3-Bin Stapler/Stacker Function Separator STK-2B-STP-210" />
        <Conversion mibValue="&#xFD;&#xE8;&quot;HP 3-Bin Stapler/Stacker STK-2B-STP-210&quot;" bidiValue="HP 3-Bin Stapler/Stacker STK-2B-STP-210" />
        <Conversion mibValue="&#xFD;&#xE8;&quot;HP 3-Bin Stapler/Stacker Mailbox STK-2B-STP-200&quot;" bidiValue="HP 3-Bin Stapler/Stacker Mailbox STK-2B-STP-200" />
        <Conversion mibValue="&#xFD;&#xE8;&quot;HP 3-Bin Stapler/Stacker Function Separator STK-2B-STP-200&quot;" bidiValue="HP 3-Bin Stapler/Stacker Function Separator STK-2B-STP-200" />
        <Conversion mibValue="&#xFD;&#xE8;&quot;HP 3-Bin Stapler/Stacker STK-2B-STP-200&quot;" bidiValue="HP 3-Bin Stapler/Stacker STK-2B-STP-200" />
        <Conversion mibValue="&#xFD;&#xE8;&quot;HP LaserJet 5-Bin Stapler/Stacker Mailbox L0H20A&quot;" bidiValue="HP LaserJet 5-Bin Stapler/Stacker Mailbox L0H20A" />
        <Conversion mibValue="&#xFD;&#xE8;&quot;HP LaserJet 5-Bin Stapler/Stacker L0H20A&quot;" bidiValue="HP LaserJet 5-Bin Stapler/Stacker L0H20A" />
        <Conversion mibValue="&#xFD;&#xE8;&quot;HP LaserJet 5-Bin Stapler/Stacker Job Separator L0H20A&quot;" bidiValue="HP LaserJet 5-Bin Stapler/Stacker Job Separator L0H20A" />
        <Conversion mibValue="&#xFD;&#xE8;&quot;HP LaserJet 5-Bin Stapler/Stacker Collator L0H20A&quot;" bidiValue="HP LaserJet 5-Bin Stapler/Stacker Collator L0H20A" />
        <!--Azalea/Sapphire/Maple Flow - finishers auto configuration support-->
        <Conversion mibValue="&#xFD;&#xE8;&quot;HP LaserJet Stapler Stacker Mailbox A2W80A&quot;" bidiValue="HP LaserJet Stapler Stacker Mailbox A2W80A" />
        <Conversion mibValue="&#xFD;&#xE8;&quot;HP LaserJet Stapler Stacker A2W80A&quot;" bidiValue="HP LaserJet Stapler Stacker A2W80A" />
        <Conversion mibValue="&#xFD;&#xE8;&quot;HP LaserJet Stapler Stacker and 2/4 Hole Puncher Mailbox A2W82A&quot;" bidiValue="HP LaserJet Stapler Stacker and 2/4 Hole Puncher Mailbox A2W82A" />
        <Conversion mibValue="&#xFD;&#xE8;&quot;HP LaserJet Stapler Stacker and 2/4 Hole Puncher A2W82A&quot;" bidiValue="HP LaserJet Stapler Stacker and 2/4 Hole Puncher A2W82A" />
        <Conversion mibValue="&#xFD;&#xE8;&quot;HP LaserJet Booklet Maker/Finisher Mailbox A2W83A&quot;" bidiValue="HP LaserJet Booklet Maker/Finisher Mailbox A2W83A" />
        <Conversion mibValue="&#xFD;&#xE8;&quot;HP LaserJet Booklet Maker/Finisher Stacker A2W83A&quot;" bidiValue="HP LaserJet Booklet Maker/Finisher Stacker A2W83A" />
        <Conversion mibValue="&#xFD;&#xE8;&quot;HP LaserJet Booklet Maker/Finisher and 2/3 Hole Puncher Mailbox A2W84A&quot;" bidiValue="HP LaserJet Booklet Maker/Finisher and 2/3 Hole Puncher Mailbox A2W84A" />
        <Conversion mibValue="&#xFD;&#xE8;&quot;HP LaserJet Booklet Maker/Finisher and 2/3 Hole Puncher Stacker A2W84A&quot;" bidiValue="HP LaserJet Booklet Maker/Finisher and 2/3 Hole Puncher Stacker A2W84A" />
        <Conversion mibValue="&#xFD;&#xE8;&quot;HP LaserJet Booklet Maker/Finisher and 2/4 Hole Puncher Mailbox CZ999A&quot;" bidiValue="HP LaserJet Booklet Maker/Finisher and 2/4 Hole Puncher Mailbox CZ999A" />
        <Conversion mibValue="&#xFD;&#xE8;&quot;HP LaserJet Booklet Maker/Finisher and 2/4 Hole Puncher Stacker CZ999A&quot;" bidiValue="HP LaserJet Booklet Maker/Finisher and 2/4 Hole Puncher Stacker CZ999A" />
        <Conversion mibValue="&#xFD;&#xE8;&quot;HP 500-Sheet Stapler/Stacker CE726A&quot;" bidiValue="HP 500-Sheet Stapler/Stacker CE726A" />
        <Conversion mibValue="&#xFD;&#xE8;&quot;HP 3-Bin Stapler/Stacker B3M76A&quot;" bidiValue="HP 3-Bin Stapler/Stacker B3M76A" />
        <Conversion mibValue="&#xFD;&#xE8;&quot;HP 3-Bin Stapler/Stacker Function Separator B3M76A&quot;" bidiValue="HP 3-Bin Stapler/Stacker Function Separator B3M76A" />
        <Conversion mibValue="&#xFD;&#xE8;&quot;HP 3-Bin Stapler/Stacker Mailbox B3M76A&quot;" bidiValue="HP 3-Bin Stapler/Stacker Mailbox B3M76A" />
        <!-- Marathon finishers support-->
        <Conversion mibValue="&#xFD;&#xE8;&quot;HP 350-Sheet Stapler/Stacker - A7X00-60140&quot;" bidiValue="HP 350-Sheet Stapler/Stacker - A7X00-60140" />
      </Converter>
      <!--Queries for OutputBins -->
      <Property name="OutputBins">
        <Property name="OpMode">
          <Converter name="Installed" oid="1.3.6.1.4.1.11.2.3.9.4.2.1.4.1.4.3.2.13" deviceIndex="false" useFirstIndex="false" drvPrinterEvent="true">
            <Conversion mibValue="3" bidiValue="True" />
            <Conversion mibValue="5" bidiValue="True" />
            <Conversion mibValue="6" bidiValue="True" />
          </Converter>
        </Property>
        <Property name="Bin1">
          <Converter name="Name" oid="1.3.6.1.4.1.11.2.3.9.4.2.1.4.1.4.3.1.13" deviceIndex="false" useFirstIndex="false" drvPrinterEvent="true">
            <Conversion mibValue="2" bidiValue="Bin0" />
            <Conversion mibValue="3" bidiValue="Engine-optional1" />
            <Conversion mibValue="5" bidiValue="Mailbox1" />
            <Conversion mibValue="6" bidiValue="Mailbox2" />
            <Conversion mibValue="7" bidiValue="Mailbox3" />
          </Converter>
          <Converter name="Booklet" oid="1.3.6.1.4.1.11.2.3.9.4.2.1.4.1.4.3.1.17" deviceIndex="false" useFirstIndex="false" drvPrinterEvent="true">
            <Conversion mibValue="2" bidiValue="true" />
          </Converter>
        </Property>
        <Property name="Bin2">
          <Converter name="Name" oid="1.3.6.1.4.1.11.2.3.9.4.2.1.4.1.4.3.2.13" deviceIndex="false" useFirstIndex="false" drvPrinterEvent="true">
            <Conversion mibValue="2" bidiValue="Bin0" />
            <Conversion mibValue="3" bidiValue="Engine-optional1" />
            <Conversion mibValue="5" bidiValue="mailbox1" />
            <Conversion mibValue="6" bidiValue="mailbox2" />
            <Conversion mibValue="7" bidiValue="mailbox3" />
          </Converter>
          <Converter name="Booklet" oid="1.3.6.1.4.1.11.2.3.9.4.2.1.4.1.4.3.2.17" deviceIndex="false" useFirstIndex="false" drvPrinterEvent="true">
            <Conversion mibValue="2" bidiValue="true" />
          </Converter>
        </Property>
      </Property>
      <!--Queries for Stapling-->
      <Property name="Staplings">
        <Property name="StaplingUnit">
          <Converter name="Installed" oid="1.3.6.1.4.1.11.2.3.9.4.2.1.1.4.5.2.11.2.1.1" deviceIndex="false" useFirstIndex="false" drvPrinterEvent="true">
            <Conversion mibValue="2" bidiValue="true" />
          </Converter>
        </Property>
        <Property name="StapletypeLeft1pt">
          <Converter name="Installed" oid="1.3.6.1.4.1.11.2.3.9.4.2.1.1.4.5.2.11.2.1.1" deviceIndex="false" useFirstIndex="false" drvPrinterEvent="true">
            <Conversion mibValue="2" bidiValue="StapleTopLeft" />
          </Converter>
        </Property>
        <Property name="StapletypeLeft2pt">
          <Converter name="Installed" oid="1.3.6.1.4.1.11.2.3.9.4.2.1.1.4.5.2.11.2.1.3" deviceIndex="false" useFirstIndex="false" drvPrinterEvent="true">
            <Conversion mibValue="2" bidiValue="StapleDualLeft" />
          </Converter>
        </Property>
        <Property name="StapletypeLeft3pt">
          <Converter name="Installed" oid="1.3.6.1.4.1.11.2.3.9.4.2.1.1.4.5.2.11.2.1.4" deviceIndex="false" useFirstIndex="false" drvPrinterEvent="true">
            <Conversion mibValue="2" bidiValue="StapleTripleLeft" />
          </Converter>
        </Property>
        <Property name="StapletypeRight1pt">
          <Converter name="Installed" oid="1.3.6.1.4.1.11.2.3.9.4.2.1.1.4.5.2.11.2.2.1" deviceIndex="false" useFirstIndex="false" drvPrinterEvent="true">
            <Conversion mibValue="2" bidiValue="StapleTopRight" />
          </Converter>
        </Property>
        <Property name="StapletypeRight2pt">
          <Converter name="Installed" oid="1.3.6.1.4.1.11.2.3.9.4.2.1.1.4.5.2.11.2.2.3" deviceIndex="false" useFirstIndex="false" drvPrinterEvent="true">
            <Conversion mibValue="2" bidiValue="StapleDualRight" />
          </Converter>
        </Property>
        <Property name="StapletypeRight3pt">
          <Converter name="Installed" oid="1.3.6.1.4.1.11.2.3.9.4.2.1.1.4.5.2.11.2.2.4" deviceIndex="false" useFirstIndex="false" drvPrinterEvent="true">
            <Conversion mibValue="2" bidiValue="StapleTripleRight" />
          </Converter>
        </Property>
        <Property name="StapletypeTop2pt">
          <Converter name="Installed" oid="1.3.6.1.4.1.11.2.3.9.4.2.1.1.4.5.2.11.2.3.3" deviceIndex="false" useFirstIndex="false" drvPrinterEvent="true">
            <Conversion mibValue="2" bidiValue="StapleDualTop" />
          </Converter>
        </Property>
        <Property name="StapletypeTop3pt">
          <Converter name="Installed" oid="1.3.6.1.4.1.11.2.3.9.4.2.1.1.4.5.2.11.2.3.4" deviceIndex="false" useFirstIndex="false" drvPrinterEvent="true">
            <Conversion mibValue="2" bidiValue="StapleTripleTop" />
          </Converter>
        </Property>
        <Property name="StapletypeBottom2pt">
          <Converter name="Installed" oid="1.3.6.1.4.1.11.2.3.9.4.2.1.1.4.5.2.11.2.4.3" deviceIndex="false" useFirstIndex="false" drvPrinterEvent="true">
            <Conversion mibValue="2" bidiValue="StapleDualBottom" />
          </Converter>
        </Property>
        <Property name="StapletypeBottom3pt">
          <Converter name="Installed" oid="1.3.6.1.4.1.11.2.3.9.4.2.1.1.4.5.2.11.2.4.4" deviceIndex="false" useFirstIndex="false" drvPrinterEvent="true">
            <Conversion mibValue="2" bidiValue="StapleTripleBottom" />
          </Converter>
        </Property>
      </Property>
      <!--Queries for Punching-->
      <Property name="Punchings">
        <Property name="PunchingUnit">
          <Converter name="Installed" oid="1.3.6.1.4.1.11.2.3.9.4.2.1.1.4.5.2.12.2" deviceIndex="false" useFirstIndex="false" drvPrinterEvent="true">
            <Conversion mibValue="1" bidiValue="true" />
            <Conversion mibValue="2" bidiValue="true" />
            <Conversion mibValue="3" bidiValue="true" />
          </Converter>
        </Property>
        <Property name="Region">
          <Converter name="Name" oid="1.3.6.1.4.1.11.2.3.9.4.2.1.1.4.5.2.12.2" deviceIndex="false" useFirstIndex="false" drvPrinterEvent="true">
            <Conversion mibValue="1" bidiValue="us" />
            <Conversion mibValue="2" bidiValue="eu" />
            <Conversion mibValue="3" bidiValue="sw" />
          </Converter>
        </Property>
        <Property name="PunchLeft2pt">
          <Converter name="Installed" oid="1.3.6.1.4.1.11.2.3.9.4.2.1.1.4.5.2.12.1.1.1" deviceIndex="false" useFirstIndex="false" drvPrinterEvent="true">
            <Conversion mibValue="2" bidiValue="TwoHolesLeft" />
          </Converter>
        </Property>
        <Property name="PunchRight2pt">
          <Converter name="Installed" oid="1.3.6.1.4.1.11.2.3.9.4.2.1.1.4.5.2.12.1.2.1" deviceIndex="false" useFirstIndex="false" drvPrinterEvent="true">
            <Conversion mibValue="2" bidiValue="TwoHolesRight" />
          </Converter>
        </Property>
        <Property name="PunchTop2pt">
          <Converter name="Installed" oid="1.3.6.1.4.1.11.2.3.9.4.2.1.1.4.5.2.12.1.3.1" deviceIndex="false" useFirstIndex="false" drvPrinterEvent="true">
            <Conversion mibValue="2" bidiValue="TwoHolesTop" />
          </Converter>
        </Property>
        <Property name="PunchBottom2pt">
          <Converter name="Installed" oid="1.3.6.1.4.1.11.2.3.9.4.2.1.1.4.5.2.12.1.4.1" deviceIndex="false" useFirstIndex="false" drvPrinterEvent="true">
            <Conversion mibValue="2" bidiValue="TwoHolesBottom" />
          </Converter>
        </Property>
        <Property name="PunchLeft3pt">
          <Converter name="Installed" oid="1.3.6.1.4.1.11.2.3.9.4.2.1.1.4.5.2.12.1.1.2" deviceIndex="false" useFirstIndex="false" drvPrinterEvent="true">
            <Conversion mibValue="2" bidiValue="ThreeHolesLeft" />
          </Converter>
        </Property>
        <Property name="PunchRight3pt">
          <Converter name="Installed" oid="1.3.6.1.4.1.11.2.3.9.4.2.1.1.4.5.2.12.1.2.2" deviceIndex="false" useFirstIndex="false" drvPrinterEvent="true">
            <Conversion mibValue="2" bidiValue="ThreeHolesRight" />
          </Converter>
        </Property>
        <Property name="PunchTop3pt">
          <Converter name="Installed" oid="1.3.6.1.4.1.11.2.3.9.4.2.1.1.4.5.2.12.1.3.2" deviceIndex="false" useFirstIndex="false" drvPrinterEvent="true">
            <Conversion mibValue="2" bidiValue="ThreeHolesTop" />
          </Converter>
        </Property>
        <Property name="PunchBottom3pt">
          <Converter name="Installed" oid="1.3.6.1.4.1.11.2.3.9.4.2.1.1.4.5.2.12.1.4.2" deviceIndex="false" useFirstIndex="false" drvPrinterEvent="true">
            <Conversion mibValue="2" bidiValue="ThreeHolesBottom" />
          </Converter>
        </Property>
        <Property name="PunchLeft4pt">
          <Converter name="Installed" oid="1.3.6.1.4.1.11.2.3.9.4.2.1.1.4.5.2.12.1.1.3" deviceIndex="false" useFirstIndex="false" drvPrinterEvent="true">
            <Conversion mibValue="2" bidiValue="FourHolesLeft" />
          </Converter>
        </Property>
        <Property name="PunchRight4pt">
          <Converter name="Installed" oid="1.3.6.1.4.1.11.2.3.9.4.2.1.1.4.5.2.12.1.2.3" deviceIndex="false" useFirstIndex="false" drvPrinterEvent="true">
            <Conversion mibValue="2" bidiValue="FourHolesRight" />
          </Converter>
        </Property>
        <Property name="PunchTop4pt">
          <Converter name="Installed" oid="1.3.6.1.4.1.11.2.3.9.4.2.1.1.4.5.2.12.1.3.3" deviceIndex="false" useFirstIndex="false" drvPrinterEvent="true">
            <Conversion mibValue="2" bidiValue="FourHolesTop" />
          </Converter>
        </Property>
        <Property name="PunchBottom4pt">
          <Converter name="Installed" oid="1.3.6.1.4.1.11.2.3.9.4.2.1.1.4.5.2.12.1.4.3" deviceIndex="false" useFirstIndex="false" drvPrinterEvent="true">
            <Conversion mibValue="2" bidiValue="FourHolesBottom" />
          </Converter>
        </Property>
      </Property>
      <!--Queries for Booklet Maker-->
      <!--Queries for Booklet Folding-->
    </Property>
  </Property>
</bidi:Schema>