<root><country code="af"><bol>0</bol><oj>0</oj></country><country code="ax"><bol>0</bol><oj>0</oj></country><country code="al"><bol>1</bol><oj>1</oj></country><country code="dz"><bol>1</bol><oj>1</oj></country><country code="as"><bol>0</bol><oj>0</oj></country><country code="ad"><bol>1</bol><oj>1</oj></country><country code="ao"><bol>0</bol><oj>0</oj></country><country code="ai"><bol>0</bol><oj>0</oj></country><country code="aq"><bol>0</bol><oj>0</oj></country><country code="ag"><bol>0</bol><oj>0</oj></country><country code="ar"><bol>0</bol><oj>0</oj></country><country code="am"><bol>1</bol><oj>1</oj></country><country code="aw"><bol>0</bol><oj>0</oj></country><country code="au"><bol>0</bol><oj>0</oj></country><country code="at"><bol>1</bol><oj>1</oj></country><country code="az"><bol>1</bol><oj>1</oj></country><country code="bs"><bol>0</bol><oj>0</oj></country><country code="bh"><bol>0</bol><oj>0</oj></country><country code="bd"><bol>0</bol><oj>0</oj></country><country code="bb"><bol>0</bol><oj>0</oj></country><country code="by"><bol>1</bol><oj>1</oj></country><country code="be"><bol>1</bol><oj>1</oj></country><country code="bz"><bol>0</bol><oj>0</oj></country><country code="bj"><bol>1</bol><oj>1</oj></country><country code="bm"><bol>0</bol><oj>0</oj></country><country code="bt"><bol>0</bol><oj>0</oj></country><country code="bo"><bol>0</bol><oj>0</oj></country><country code="bq"><bol>0</bol><oj>0</oj></country><country code="ba"><bol>1</bol><oj>1</oj></country><country code="bw"><bol>0</bol><oj>0</oj></country><country code="bv"><bol>0</bol><oj>0</oj></country><country code="br"><bol>0</bol><oj>0</oj></country><country code="io"><bol>0</bol><oj>0</oj></country><country code="bn"><bol>0</bol><oj>0</oj></country><country code="bg"><bol>1</bol><oj>1</oj></country><country code="bf"><bol>1</bol><oj>1</oj></country><country code="bi"><bol>0</bol><oj>0</oj></country><country code="kh"><bol>0</bol><oj>0</oj></country><country code="cm"><bol>1</bol><oj>1</oj></country><country code="ca"><bol>0</bol><oj>0</oj></country><country code="cv"><bol>0</bol><oj>0</oj></country><country code="ky"><bol>0</bol><oj>0</oj></country><country code="cf"><bol>0</bol><oj>0</oj></country><country code="td"><bol>0</bol><oj>0</oj></country><country code="cl"><bol>0</bol><oj>0</oj></country><country code="cn"><bol>0</bol><oj>0</oj></country><country code="cx"><bol>0</bol><oj>0</oj></country><country code="cc"><bol>0</bol><oj>0</oj></country><country code="co"><bol>0</bol><oj>0</oj></country><country code="km"><bol>0</bol><oj>0</oj></country><country code="cg"><bol>1</bol><oj>1</oj></country><country code="cd"><bol>0</bol><oj>0</oj></country><country code="ck"><bol>0</bol><oj>0</oj></country><country code="cr"><bol>0</bol><oj>0</oj></country><country code="ci"><bol>0</bol><oj>0</oj></country><country code="hr"><bol>1</bol><oj>1</oj></country><country code="cu"><bol>0</bol><oj>0</oj></country><country code="cw"><bol>0</bol><oj>0</oj></country><country code="cy"><bol>1</bol><oj>1</oj></country><country code="cz"><bol>1</bol><oj>1</oj></country><country code="dk"><bol>1</bol><oj>1</oj></country><country code="dj"><bol>0</bol><oj>0</oj></country><country code="dm"><bol>0</bol><oj>0</oj></country><country code="do"><bol>0</bol><oj>0</oj></country><country code="ec"><bol>0</bol><oj>0</oj></country><country code="eg"><bol>0</bol><oj>0</oj></country><country code="sv"><bol>0</bol><oj>0</oj></country><country code="gq"><bol>0</bol><oj>0</oj></country><country code="er"><bol>0</bol><oj>0</oj></country><country code="ee"><bol>1</bol><oj>1</oj></country><country code="et"><bol>0</bol><oj>0</oj></country><country code="fk"><bol>0</bol><oj>0</oj></country><country code="fo"><bol>0</bol><oj>0</oj></country><country code="fj"><bol>0</bol><oj>0</oj></country><country code="fi"><bol>1</bol><oj>1</oj></country><country code="fr"><bol>1</bol><oj>1</oj></country><country code="gf"><bol>0</bol><oj>0</oj></country><country code="pf"><bol>0</bol><oj>0</oj></country><country code="tf"><bol>0</bol><oj>0</oj></country><country code="ga"><bol>0</bol><oj>0</oj></country><country code="gm"><bol>0</bol><oj>0</oj></country><country code="ge"><bol>1</bol><oj>1</oj></country><country code="de"><bol>1</bol><oj>1</oj></country><country code="gh"><bol>0</bol><oj>0</oj></country><country code="gi"><bol>1</bol><oj>1</oj></country><country code="gr"><bol>1</bol><oj>1</oj></country><country code="gl"><bol>1</bol><oj>1</oj></country><country code="gd"><bol>0</bol><oj>0</oj></country><country code="gp"><bol>0</bol><oj>0</oj></country><country code="gu"><bol>0</bol><oj>0</oj></country><country code="gt"><bol>0</bol><oj>0</oj></country><country code="gg"><bol>1</bol><oj>1</oj></country><country code="gn"><bol>0</bol><oj>0</oj></country><country code="gw"><bol>0</bol><oj>0</oj></country><country code="gy"><bol>0</bol><oj>0</oj></country><country code="ht"><bol>0</bol><oj>0</oj></country><country code="hm"><bol>0</bol><oj>0</oj></country><country code="va"><bol>1</bol><oj>1</oj></country><country code="hn"><bol>0</bol><oj>0</oj></country><country code="hk"><bol>0</bol><oj>0</oj></country><country code="hu"><bol>1</bol><oj>1</oj></country><country code="is"><bol>1</bol><oj>1</oj></country><country code="in"><bol>0</bol><oj>0</oj></country><country code="id"><bol>0</bol><oj>0</oj></country><country code="ir"><bol>0</bol><oj>0</oj></country><country code="iq"><bol>0</bol><oj>0</oj></country><country code="ie"><bol>1</bol><oj>1</oj></country><country code="im"><bol>1</bol><oj>1</oj></country><country code="il"><bol>1</bol><oj>1</oj></country><country code="it"><bol>1</bol><oj>1</oj></country><country code="jm"><bol>0</bol><oj>0</oj></country><country code="jp"><bol>1</bol><oj>1</oj></country><country code="je"><bol>1</bol><oj>1</oj></country><country code="jo"><bol>0</bol><oj>0</oj></country><country code="kz"><bol>1</bol><oj>1</oj></country><country code="ke"><bol>0</bol><oj>0</oj></country><country code="ki"><bol>0</bol><oj>0</oj></country><country code="kp"><bol>0</bol><oj>0</oj></country><country code="kr"><bol>0</bol><oj>0</oj></country><country code="kw"><bol>0</bol><oj>0</oj></country><country code="kg"><bol>1</bol><oj>1</oj></country><country code="la"><bol>0</bol><oj>0</oj></country><country code="lv"><bol>1</bol><oj>1</oj></country><country code="lb"><bol>0</bol><oj>0</oj></country><country code="ls"><bol>0</bol><oj>0</oj></country><country code="lr"><bol>0</bol><oj>0</oj></country><country code="ly"><bol>0</bol><oj>0</oj></country><country code="li"><bol>1</bol><oj>1</oj></country><country code="lt"><bol>1</bol><oj>1</oj></country><country code="lu"><bol>1</bol><oj>1</oj></country><country code="mo"><bol>0</bol><oj>0</oj></country><country code="mk"><bol>1</bol><oj>1</oj></country><country code="mg"><bol>0</bol><oj>0</oj></country><country code="mw"><bol>0</bol><oj>0</oj></country><country code="my"><bol>0</bol><oj>0</oj></country><country code="mv"><bol>0</bol><oj>0</oj></country><country code="ml"><bol>1</bol><oj>1</oj></country><country code="mt"><bol>1</bol><oj>1</oj></country><country code="mh"><bol>0</bol><oj>0</oj></country><country code="mq"><bol>0</bol><oj>0</oj></country><country code="mr"><bol>0</bol><oj>0</oj></country><country code="mu"><bol>0</bol><oj>0</oj></country><country code="yt"><bol>0</bol><oj>0</oj></country><country code="mx"><bol>0</bol><oj>0</oj></country><country code="fm"><bol>0</bol><oj>0</oj></country><country code="md"><bol>1</bol><oj>1</oj></country><country code="mc"><bol>1</bol><oj>1</oj></country><country code="mn"><bol>0</bol><oj>0</oj></country><country code="me"><bol>1</bol><oj>1</oj></country><country code="ms"><bol>0</bol><oj>0</oj></country><country code="ma"><bol>1</bol><oj>1</oj></country><country code="mz"><bol>0</bol><oj>0</oj></country><country code="mm"><bol>0</bol><oj>0</oj></country><country code="na"><bol>0</bol><oj>0</oj></country><country code="nr"><bol>0</bol><oj>0</oj></country><country code="np"><bol>0</bol><oj>0</oj></country><country code="nl"><bol>1</bol><oj>1</oj></country><country code="nc"><bol>0</bol><oj>0</oj></country><country code="nz"><bol>0</bol><oj>0</oj></country><country code="ni"><bol>0</bol><oj>0</oj></country><country code="ne"><bol>0</bol><oj>0</oj></country><country code="ng"><bol>0</bol><oj>0</oj></country><country code="nu"><bol>0</bol><oj>0</oj></country><country code="nf"><bol>0</bol><oj>0</oj></country><country code="mp"><bol>0</bol><oj>0</oj></country><country code="no"><bol>1</bol><oj>1</oj></country><country code="om"><bol>0</bol><oj>0</oj></country><country code="pk"><bol>0</bol><oj>0</oj></country><country code="pw"><bol>0</bol><oj>0</oj></country><country code="ps"><bol>0</bol><oj>0</oj></country><country code="pa"><bol>0</bol><oj>0</oj></country><country code="pg"><bol>0</bol><oj>0</oj></country><country code="py"><bol>0</bol><oj>0</oj></country><country code="pe"><bol>0</bol><oj>0</oj></country><country code="ph"><bol>0</bol><oj>0</oj></country><country code="pn"><bol>0</bol><oj>0</oj></country><country code="pl"><bol>1</bol><oj>1</oj></country><country code="pt"><bol>1</bol><oj>1</oj></country><country code="pr"><bol>0</bol><oj>0</oj></country><country code="qa"><bol>0</bol><oj>0</oj></country><country code="re"><bol>1</bol><oj>1</oj></country><country code="ro"><bol>1</bol><oj>1</oj></country><country code="ru"><bol>1</bol><oj>1</oj></country><country code="rw"><bol>0</bol><oj>0</oj></country><country code="bl"><bol>0</bol><oj>0</oj></country><country code="sh"><bol>0</bol><oj>0</oj></country><country code="kn"><bol>0</bol><oj>0</oj></country><country code="lc"><bol>0</bol><oj>0</oj></country><country code="mf"><bol>0</bol><oj>0</oj></country><country code="pm"><bol>0</bol><oj>0</oj></country><country code="vc"><bol>0</bol><oj>0</oj></country><country code="ws"><bol>0</bol><oj>0</oj></country><country code="sm"><bol>1</bol><oj>1</oj></country><country code="st"><bol>0</bol><oj>0</oj></country><country code="sa"><bol>0</bol><oj>0</oj></country><country code="sn"><bol>1</bol><oj>1</oj></country><country code="rs"><bol>1</bol><oj>1</oj></country><country code="sc"><bol>0</bol><oj>0</oj></country><country code="sl"><bol>0</bol><oj>0</oj></country><country code="sg"><bol>0</bol><oj>0</oj></country><country code="sx"><bol>0</bol><oj>0</oj></country><country code="sk"><bol>1</bol><oj>1</oj></country><country code="si"><bol>1</bol><oj>1</oj></country><country code="sb"><bol>0</bol><oj>0</oj></country><country code="so"><bol>0</bol><oj>0</oj></country><country code="za"><bol>0</bol><oj>0</oj></country><country code="gs"><bol>0</bol><oj>0</oj></country><country code="ss"><bol>0</bol><oj>0</oj></country><country code="es"><bol>1</bol><oj>1</oj></country><country code="lk"><bol>0</bol><oj>0</oj></country><country code="sd"><bol>0</bol><oj>0</oj></country><country code="sr"><bol>0</bol><oj>0</oj></country><country code="sj"><bol>0</bol><oj>0</oj></country><country code="sz"><bol>0</bol><oj>0</oj></country><country code="se"><bol>1</bol><oj>1</oj></country><country code="ch"><bol>1</bol><oj>1</oj></country><country code="sy"><bol>0</bol><oj>0</oj></country><country code="tw"><bol>0</bol><oj>0</oj></country><country code="tj"><bol>1</bol><oj>1</oj></country><country code="tz"><bol>0</bol><oj>0</oj></country><country code="th"><bol>0</bol><oj>0</oj></country><country code="tl"><bol>0</bol><oj>0</oj></country><country code="tg"><bol>1</bol><oj>1</oj></country><country code="tk"><bol>0</bol><oj>0</oj></country><country code="to"><bol>0</bol><oj>0</oj></country><country code="tt"><bol>0</bol><oj>0</oj></country><country code="tn"><bol>1</bol><oj>1</oj></country><country code="tr"><bol>0</bol><oj>0</oj></country><country code="tm"><bol>1</bol><oj>1</oj></country><country code="tc"><bol>0</bol><oj>0</oj></country><country code="tv"><bol>0</bol><oj>0</oj></country><country code="ug"><bol>0</bol><oj>0</oj></country><country code="ua"><bol>1</bol><oj>1</oj></country><country code="ae"><bol>0</bol><oj>0</oj></country><country code="gb"><bol>1</bol><oj>1</oj></country><country code="us"><bol>1</bol><oj>1</oj></country><country code="um"><bol>1</bol><oj>1</oj></country><country code="uy"><bol>0</bol><oj>0</oj></country><country code="uz"><bol>1</bol><oj>1</oj></country><country code="vu"><bol>0</bol><oj>0</oj></country><country code="ve"><bol>0</bol><oj>0</oj></country><country code="vn"><bol>0</bol><oj>0</oj></country><country code="vg"><bol>0</bol><oj>0</oj></country><country code="vi"><bol>0</bol><oj>0</oj></country><country code="wf"><bol>0</bol><oj>0</oj></country><country code="eh"><bol>0</bol><oj>0</oj></country><country code="ye"><bol>0</bol><oj>0</oj></country><country code="zm"><bol>0</bol><oj>0</oj></country><country code="zw"><bol>0</bol><oj>0</oj></country></root>
