<?xml version="1.0" encoding="utf-8"?>

<installinfo>
<dll type="primary">
	<model component="common">
		<registry key="UI_SECONDARY_DLL_NAME" value="Lana4aUS.dll" type="REG_SZ"/>
	</model>
</dll>

<dll type="secondary">
	<model component="LANIER MP C4000/LD540C PCL 6">
		<registry key="UI_PRINTER_MODEL_NAME"
		 value="MP C4000/LD540C" type="REG_SZ"/>
	</model>
	<model component="LANIER MP C5000/LD550C PCL 6">
		<registry key="UI_PRINTER_MODEL_NAME"
		 value="MP C5000/LD550C" type="REG_SZ"/>
	</model>
	<model component="common">
		<registry key="UI_PRIMARY_DLL_NAME" value="Lana4aUS.dll" type="REG_SZ"/>
		<registry key="UI_SECONDARY_DLL_NAME" value="Lana4aUS.dll" type="REG_SZ"/>
		<registry key="UI_RESOURCE_DLL_NAME" value="Lana4aUR.dll" type="REG_SZ"/>
		<registry key="UI_CAPSDB_DLL_NAME" value="Lana4aCD.dll" type="REG_SZ"/>
		<registry key="UI_JOBCODE_32_DLL_NAME" value="ricjc32.dll" type="REG_SZ"/>
                <registry key="UI_JOBCODE_64_DLL_NAME" value="ricjc64.dll" type="REG_SZ"/>

		<registry key="UI_PSD_FILE_NAME" value="Lana4aCD.psz" type="REG_SZ"/>
		<registry key="UI_XML_ZIP_FILE_NAME" value="Lana4aUC.cfz" type="REG_SZ"/>
		
		<registry key="UI_LANGUAGE_LIST" value="Lana4aWD.xml" type="REG_SZ"/>
		<registry key="UI_PAPERINFO_LIST" value="Lana4aPS.xml" type="REG_SZ"/>
		<registry key="UI_DRVCAPS_LIST" value="Lana4aDC.xml" type="REG_SZ"/>
		<registry key="UI_PROPERTY_CAPTION_LIST" value="Lana4aPC.xml" type="REG_SZ"/>

		<registry key="UI_LOGO_FILE_NAME" value="Lana4alg.dat" type="REG_SZ"/>

		<registry key="DRIVER_PRODUCT_VERSION" value="1.7.0.0" type="REG_SZ"/>

		<registry key="GR_PRIMARY_DLL_NAME" value="Lana4aGS.dll" type="REG_SZ"/>
		<registry key="GR_SECONDARY_DLL_NAME" value="Lana4aGS.dll" type="REG_SZ"/>
		<registry key="GR_UMPD_DLL_NAME" value="Lana4aGU.dll" type="REG_SZ"/>
		<registry key="GR_CORE_DLL_NAME" value="Lana4aGC.dll" type="REG_SZ"/>
		<registry key="GR_PLUGIN_DLL_NAME" value="Lana4aPL.dll" type="REG_SZ"/>
                <registry key="GR_TRACKID_32_DLL_NAME" value="trackid.dll" type="REG_SZ"/>
                <registry key="GR_TRACKID_64_DLL_NAME" value="trackid64.dll" type="REG_SZ"/>
		<registry key="GR_DRIVERLOG_32_DLL_NAME" value="rdrvlog.dll" type="REG_SZ"/>
		<registry key="GR_DRIVERLOG_64_DLL_NAME" value="rdrvlg64.dll" type="REG_SZ"/>

		<registry key="RMIOASSIST" value="1" type="REG_DWORD"/>
		<registry key="UI_BIDI_ASSIST_DLL_NAME" value="RASCOMSV.dll" type="REG_SZ"/>
		<registry key="UI_DEVICE_OPITION_UTILITY_DLL_NAME" value="RMfDrApi.dll" type="REG_SZ"/>
		<registry key="MetaConfigType" value="1" type="REG_BINARY"/>
		<registry key="UI_MACHINE_IMAGE_MIZ_NAME" value="Lana4ami.miz" type="REG_SZ" /> 

		<registry key="CDB_VRNET_32_DLL_NAME" value="rc4mannt.dll" type="REG_SZ"/>
		<registry key="CDB_VRNET_64_DLL_NAME" value="rc4man64.dll" type="REG_SZ"/>
		<registry key="CDB_CUSTOMIZE_FILE_NAME" value="Lana4a.rcf" type="REG_SZ"/>
		<registry key="CDB_CHARSET_CODE" value="2" type="REG_DWORD"/>

		<registry key="MPM_MODEL_NAME" value="MP C4000/LD540C,MP C5000/LD550C" type="REG_SZ"/>
		<registry key="MPM_MFRICRESDLL_NAME" value="MFRicr64.dll" type="REG_SZ"/>
		<registry key="MPM_RESDLL_NAME" value="MPC40d64.dll" type="REG_SZ"/>
		<registry key="MPM_MFRICRESDLL_VERSION" value="1.1.9.0" type="REG_SZ"/>
		<registry key="Logging" value="1" type="REG_DWORD"/>
	</model>


	<watermark mm="1" inch="2">

	        <list name="watermark_none" preset="yes" unit="inch" x_position="0" y_position="0" angle="0" firstpageonly="no" transparenttext="no">
				<color red="192" green="192" blue="192"/>
				<font name="Times New Roman" style="standard" size="72"/>
		</list>

		<list name="watermark_confidential" preset="yes" unit="inch" x_position="0" y_position="0" angle="54" firstpageonly="no" transparenttext="no">
			<color red="192" green="192" blue="192"/>
			<font name="Times New Roman" style="standard" size="120"/>
		</list>

		<list name="watermark_draft" preset="yes" unit="inch" x_position="0" y_position="0" angle="45" firstpageonly="no" transparenttext="no">
			<color red="192" green="192" blue="192"/>
			<font name="Courier New" style="standard" size="256"/>
		</list>

		<list name="watermark_copy" preset="yes" unit="inch" x_position="0" y_position="0" angle="45" firstpageonly="no" transparenttext="no">
			<color red="192" green="192" blue="192"/>
			<font name="Arial" style="standard" size="261"/>
		</list>

		<list name="watermark_urgent" preset="yes" unit="inch" x_position="0" y_position="0" angle="52" firstpageonly="no" transparenttext="no">
			<color red="192" green="192" blue="192"/>
			<font name="Arial" style="standard" size="138"/>
		</list>


		<list name="watermark_orginal" preset="yes" unit="inch" x_position="0" y_position="0" angle="45" firstpageonly="no" transparenttext="no">
			<color red="192" green="192" blue="192"/>
			<font name="Arial" style="standard" size="174"/>
		</list>


	</watermark>

</dll>
</installinfo>

