<?xml version="1.0" encoding="utf-8"?>

<discovery xmlns="urn:slpdiscovery">

	<refreshRate>60</refreshRate>
	<timeout>4</timeout>
	<destinationAddressIPv6>ff02:0:0:0:0:0:1:134c</destinationAddressIPv6>

	<methodList onlyMatching="true">

		<!-- SLP method to find "service:printer" devices -->
		<method name="Test" serviceType="printer.canon">
			<AttributeList>
				<devNameOID>x-can-PdInfoMachineName</devNameOID>
				<devTypeOID>x-can-PdInfoProductName</devTypeOID>
				<sysDescOID>sysDescr</sysDescOID>
			</AttributeList>
			<deviceList>
				<device name="Canon iR2318/2320 UFRII LT">
					<matchingDevTypeStrs>
						<devTypeStr>iR2318</devTypeStr>
						<devTypeStr>iR2320</devTypeStr>
					</matchingDevTypeStrs>
				</device>

				<device name="Canon iR2420 UFRII LT">
					<matchingDevTypeStrs>
						<devTypeStr>iR2420</devTypeStr>
					</matchingDevTypeStrs>
				</device>

				<device name="Canon iR2520 UFRII LT">
					<matchingDevTypeStrs>
						<devTypeStr>iR2520</devTypeStr>
					</matchingDevTypeStrs>
				</device>

				<device name="Canon iR2002/2202 UFRII LT">
					<matchingDevTypeStrs>
						<devTypeStr>Canon iR2002/2202</devTypeStr>
					</matchingDevTypeStrs>
				</device>

				<device name="Canon iR2004/2204 UFRII LT">
					<matchingDevTypeStrs>
						<devTypeStr>Canon iR2004/2204</devTypeStr>
					</matchingDevTypeStrs>
				</device>

				<device name="Canon iR2422 UFRII LT">
					<matchingDevTypeStrs>
						<devTypeStr>iR2422</devTypeStr>
					</matchingDevTypeStrs>
				</device>

				<device name="Canon iR2525/2530 UFRII LT">
					<matchingDevTypeStrs>
						<devTypeStr>iR2525</devTypeStr>
						<devTypeStr>iR2530</devTypeStr>
					</matchingDevTypeStrs>
				</device>

				<device name="Canon iR1435 UFRII LT">
					<matchingDevTypeStrs>
						<devTypeStr>iR1435</devTypeStr>
						<devTypeStr>iR1435P</devTypeStr>
					</matchingDevTypeStrs>
				</device>

				<device name="Canon iR2535/2545 UFRII LT">
					<matchingDevTypeStrs>
						<devTypeStr>iR2535</devTypeStr>
						<devTypeStr>iR2545</devTypeStr>
					</matchingDevTypeStrs>
				</device>

				<device name="Canon iR1730/1740/1750 UFRII LT">
					<matchingDevTypeStrs>
						<devTypeStr>iR1730</devTypeStr>
						<devTypeStr>iR1740</devTypeStr>
						<devTypeStr>iR1750</devTypeStr>
					</matchingDevTypeStrs>
				</device>

				<device name="Canon iR C3000 Series UFR II">
					<matchingDevTypeStrs>
						<devTypeStr>iR C3020</devTypeStr>
						<devTypeStr>iR C3025</devTypeStr>
					</matchingDevTypeStrs>
				</device>

				<device name="Canon iR C1028/1030 UFRII LT">
					<matchingDevTypeStrs>
						<devTypeStr>iR C1028</devTypeStr>
						<devTypeStr>iR C1030</devTypeStr>
					</matchingDevTypeStrs>
				</device>

				<device name="Canon iR C1325/1335 UFR II">
					<matchingDevTypeStrs>
						<devTypeStr>iR C1325</devTypeStr>
						<devTypeStr>iR C1335</devTypeStr>
					</matchingDevTypeStrs>
				</device>

				<device name="Canon iR-ADV 4025/4035 UFR II">
					<matchingDevTypeStrs>
						<devTypeStr>iR-ADV 4025</devTypeStr>
						<devTypeStr>iR-ADV 4035</devTypeStr>
					</matchingDevTypeStrs>
				</device>

				<device name="Canon iR-ADV 4225/4235 UFR II">
					<matchingDevTypeStrs>
						<devTypeStr>iR-ADV 4225</devTypeStr>
						<devTypeStr>iR-ADV 4235</devTypeStr>
					</matchingDevTypeStrs>
				</device>

				<device name="Canon iR-ADV 4525/4535 UFR II">
					<matchingDevTypeStrs>
						<devTypeStr>iR-ADV 4525</devTypeStr>
						<devTypeStr>iR-ADV 4535</devTypeStr>
					</matchingDevTypeStrs>
				</device>

				<device name="Canon iR-ADV 400/500 UFR II">
					<matchingDevTypeStrs>
						<devTypeStr>iR-ADV 400</devTypeStr>
						<devTypeStr>iR-ADV 500</devTypeStr>
					</matchingDevTypeStrs>
				</device>

				<device name="Canon iR-ADV 4045/4051 UFR II">
					<matchingDevTypeStrs>
						<devTypeStr>iR-ADV 4045</devTypeStr>
						<devTypeStr>iR-ADV 4051</devTypeStr>
					</matchingDevTypeStrs>
				</device>

				<device name="Canon iR-ADV 4245/4251 UFR II">
					<matchingDevTypeStrs>
						<devTypeStr>iR-ADV 4245</devTypeStr>
						<devTypeStr>iR-ADV 4251</devTypeStr>
					</matchingDevTypeStrs>
				</device>

				<device name="Canon iR-ADV 4545/4551 UFR II">
					<matchingDevTypeStrs>
						<devTypeStr>iR-ADV 4545</devTypeStr>
						<devTypeStr>iR-ADV 4551</devTypeStr>
					</matchingDevTypeStrs>
				</device>

				<device name="Canon iR-ADV 6055/6065 UFR II">
					<matchingDevTypeStrs>
						<devTypeStr>iR-ADV 6055</devTypeStr>
						<devTypeStr>iR-ADV 6065</devTypeStr>
					</matchingDevTypeStrs>
				</device>

				<device name="Canon iR-ADV 6255/6265 UFR II">
					<matchingDevTypeStrs>
						<devTypeStr>iR-ADV 6255</devTypeStr>
						<devTypeStr>iR-ADV 6265</devTypeStr>
					</matchingDevTypeStrs>
				</device>

				<device name="Canon iR-ADV 6555/6565 UFR II">
					<matchingDevTypeStrs>
						<devTypeStr>iR-ADV 6555</devTypeStr>
						<devTypeStr>iR-ADV 6565</devTypeStr>
					</matchingDevTypeStrs>
				</device>

				<device name="Canon iR-ADV 6075 UFR II">
					<matchingDevTypeStrs>
						<devTypeStr>iR-ADV 6075</devTypeStr>
					</matchingDevTypeStrs>
				</device>

				<device name="Canon iR-ADV 6275 UFR II">
					<matchingDevTypeStrs>
						<devTypeStr>iR-ADV 6275</devTypeStr>
					</matchingDevTypeStrs>
				</device>

				<device name="Canon iR-ADV 6575 UFR II">
					<matchingDevTypeStrs>
						<devTypeStr>iR-ADV 6575</devTypeStr>
					</matchingDevTypeStrs>
				</device>

				<device name="Canon iR-ADV 8085/8095 UFR II">
					<matchingDevTypeStrs>
						<devTypeStr>iR-ADV 8085</devTypeStr>
						<devTypeStr>iR-ADV 8095</devTypeStr>
					</matchingDevTypeStrs>
				</device>

				<device name="Canon iR-ADV 8285/8295 UFR II">
					<matchingDevTypeStrs>
						<devTypeStr>iR-ADV 8285</devTypeStr>
						<devTypeStr>iR-ADV 8295</devTypeStr>
					</matchingDevTypeStrs>
				</device>

				<device name="Canon iR-ADV 8585/8595 UFR II">
					<matchingDevTypeStrs>
						<devTypeStr>iR-ADV 8585</devTypeStr>
						<devTypeStr>iR-ADV 8595</devTypeStr>
					</matchingDevTypeStrs>
				</device>

				<device name="Canon iR-ADV 8105 UFR II">
					<matchingDevTypeStrs>
						<devTypeStr>iR-ADV 8105</devTypeStr>
					</matchingDevTypeStrs>
				</device>

				<device name="Canon iR-ADV 8205 UFR II">
					<matchingDevTypeStrs>
						<devTypeStr>iR-ADV 8205</devTypeStr>
					</matchingDevTypeStrs>
				</device>

				<device name="Canon iR-ADV 8505 UFR II">
					<matchingDevTypeStrs>
						<devTypeStr>iR-ADV 8505</devTypeStr>
					</matchingDevTypeStrs>
				</device>

				<device name="Canon iR-ADV C3320 UFR II">
					<matchingDevTypeStrs>
						<devTypeStr>iR-ADV C3320</devTypeStr>
					</matchingDevTypeStrs>
				</device>

				<device name="Canon iR-ADV C3520 UFR II">
					<matchingDevTypeStrs>
						<devTypeStr>iR-ADV C3520</devTypeStr>
					</matchingDevTypeStrs>
				</device>

				<device name="Canon iR-ADV C2225 UFR II">
					<matchingDevTypeStrs>
						<devTypeStr>iR-ADV C2225</devTypeStr>
					</matchingDevTypeStrs>
				</device>

				<device name="Canon iR-ADV C2020/2030 UFR II">
					<matchingDevTypeStrs>
						<devTypeStr>iR-ADV C2020</devTypeStr>
						<devTypeStr>iR-ADV C2030</devTypeStr>
					</matchingDevTypeStrs>
				</device>

				<device name="Canon iR-ADV C2220/2230 UFR II">
					<matchingDevTypeStrs>
						<devTypeStr>iR-ADV C2220</devTypeStr>
						<devTypeStr>iR-ADV C2230</devTypeStr>
					</matchingDevTypeStrs>
				</device>

				<device name="Canon iR-ADV C3325/3330 UFR II">
					<matchingDevTypeStrs>
						<devTypeStr>iR-ADV C3325</devTypeStr>
						<devTypeStr>iR-ADV C3330</devTypeStr>
					</matchingDevTypeStrs>
				</device>

				<device name="Canon iR-ADV C3525/3530 UFR II">
					<matchingDevTypeStrs>
						<devTypeStr>iR-ADV C3525</devTypeStr>
						<devTypeStr>iR-ADV C3530</devTypeStr>
					</matchingDevTypeStrs>
				</device>

				<device name="Canon iR-ADV C250/350 UFR II">
					<matchingDevTypeStrs>
						<devTypeStr>iR-ADV C250</devTypeStr>
						<devTypeStr>iR-ADV C350</devTypeStr>
						<devTypeStr>iR-ADV C350P</devTypeStr>
					</matchingDevTypeStrs>
				</device>

				<device name="Canon iR-ADV C255/355 UFR II">
					<matchingDevTypeStrs>
						<devTypeStr>iR-ADV C255</devTypeStr>
						<devTypeStr>iR-ADV C355</devTypeStr>
					</matchingDevTypeStrs>
				</device>

				<device name="Canon iR-ADV C5030/5035 UFR II">
					<matchingDevTypeStrs>
						<devTypeStr>iR-ADV C5030</devTypeStr>
						<devTypeStr>iR-ADV C5035</devTypeStr>
					</matchingDevTypeStrs>
				</device>

				<device name="Canon iR-ADV C256/356 UFR II">
					<matchingDevTypeStrs>
						<devTypeStr>iR-ADV C256</devTypeStr>
						<devTypeStr>iR-ADV C356</devTypeStr>
						<devTypeStr>iR-ADV C356P</devTypeStr>
					</matchingDevTypeStrs>
				</device>

				<device name="Canon iR-ADV C5235/5240 UFR II">
					<matchingDevTypeStrs>
						<devTypeStr>iR-ADV C5235</devTypeStr>
						<devTypeStr>iR-ADV C5240</devTypeStr>
					</matchingDevTypeStrs>
				</device>

				<device name="Canon iR-ADV C5535/5540 UFR II">
					<matchingDevTypeStrs>
						<devTypeStr>iR-ADV C5535</devTypeStr>
						<devTypeStr>iR-ADV C5540</devTypeStr>
					</matchingDevTypeStrs>
				</device>

				<device name="Canon iR-ADV C5045/5051 UFR II">
					<matchingDevTypeStrs>
						<devTypeStr>iR-ADV C5045</devTypeStr>
						<devTypeStr>iR-ADV C5051</devTypeStr>
					</matchingDevTypeStrs>
				</device>

				<device name="Canon iR-ADV C5250/5255 UFR II">
					<matchingDevTypeStrs>
						<devTypeStr>iR-ADV C5250</devTypeStr>
						<devTypeStr>iR-ADV C5255</devTypeStr>
					</matchingDevTypeStrs>
				</device>

				<device name="Canon iR-ADV C5550/5560 UFR II">
					<matchingDevTypeStrs>
						<devTypeStr>iR-ADV C5550</devTypeStr>
						<devTypeStr>iR-ADV C5560</devTypeStr>
					</matchingDevTypeStrs>
				</device>

				<device name="Canon iR-ADV C7055/7065 UFR II">
					<matchingDevTypeStrs>
						<devTypeStr>iR-ADV C7055</devTypeStr>
						<devTypeStr>iR-ADV C7065</devTypeStr>
					</matchingDevTypeStrs>
				</device>

				<device name="Canon iR-ADV C7565 UFR II">
					<matchingDevTypeStrs>
						<devTypeStr>iR-ADV C7565</devTypeStr>
					</matchingDevTypeStrs>
				</device>

				<device name="Canon iR-ADV C7260/7270 UFR II">
					<matchingDevTypeStrs>
						<devTypeStr>iR-ADV C7260</devTypeStr>
						<devTypeStr>iR-ADV C7270</devTypeStr>
					</matchingDevTypeStrs>
				</device>

				<device name="Canon iR-ADV C9065/9075 UFR II">
					<matchingDevTypeStrs>
						<devTypeStr>iR-ADV C9065</devTypeStr>
						<devTypeStr>iR-ADV C9075</devTypeStr>
					</matchingDevTypeStrs>
				</device>

				<device name="Canon iR-ADV C7580/7570 UFR II">
					<matchingDevTypeStrs>
						<devTypeStr>iR-ADV C7580</devTypeStr>
						<devTypeStr>iR-ADV C7570</devTypeStr>
					</matchingDevTypeStrs>
				</device>

				<device name="Canon iR-ADV C9270/9280 UFR II">
					<matchingDevTypeStrs>
						<devTypeStr>iR-ADV C9270</devTypeStr>
						<devTypeStr>iR-ADV C9280</devTypeStr>
					</matchingDevTypeStrs>
				</device>

				<device name="Canon iPR C6010 UFR II">
					<matchingDevTypeStrs>
						<devTypeStr>iPR C6010</devTypeStr>
					</matchingDevTypeStrs>
				</device>

				<device name="Canon iPR C6010VP UFR II">
					<matchingDevTypeStrs>
						<devTypeStr>iPR C6010VP</devTypeStr>
					</matchingDevTypeStrs>
				</device>

				<device name="Canon iPR C7010VP UFR II">
					<matchingDevTypeStrs>
						<devTypeStr>iPR C7010VP</devTypeStr>
					</matchingDevTypeStrs>
				</device>

				<device name="Canon iPR C700/800 UFR II">
					<matchingDevTypeStrs>
						<devTypeStr>iPR C800</devTypeStr>
						<devTypeStr>iPR C700</devTypeStr>
					</matchingDevTypeStrs>
				</device>

				<device name="Canon iPR C750/850 UFR II">
					<matchingDevTypeStrs>
						<devTypeStr>iPR C850</devTypeStr>
						<devTypeStr>iPR C750</devTypeStr>
					</matchingDevTypeStrs>
				</device>

				<device name="Canon MF110/910 Series UFRII LT">
					<matchingDevTypeStrs>
						<devTypeStr>Canon MF110/910 Series</devTypeStr>
					</matchingDevTypeStrs>
				</device>

				<device name="Canon MF230 Series UFRII LT">
					<matchingDevTypeStrs>
						<devTypeStr>Canon MF230 Series</devTypeStr>
					</matchingDevTypeStrs>
				</device>

				<device name="Canon MF240 Series UFRII LT">
					<matchingDevTypeStrs>
						<devTypeStr>Canon MF240 Series</devTypeStr>
					</matchingDevTypeStrs>
				</device>

				<device name="Canon MF410 Series UFR II">
					<matchingDevTypeStrs>
						<devTypeStr>MF410 Series</devTypeStr>
					</matchingDevTypeStrs>
				</device>

				<device name="Canon MF510 Series UFR II">
					<matchingDevTypeStrs>
						<devTypeStr>MF510 Series</devTypeStr>
					</matchingDevTypeStrs>
				</device>

				<device name="Canon MF620C Series UFRII LT">
					<matchingDevTypeStrs>
						<devTypeStr>MF620C Series</devTypeStr>
					</matchingDevTypeStrs>
				</device>

				<device name="Canon MF631C UFR II">
					<matchingDevTypeStrs>
						<devTypeStr>MF631C</devTypeStr>
					</matchingDevTypeStrs>
				</device>

				<device name="Canon MF632C/634C UFR II">
					<matchingDevTypeStrs>
						<devTypeStr>MF632C/634C</devTypeStr>
					</matchingDevTypeStrs>
				</device>

				<device name="Canon MF633C/635C UFR II">
					<matchingDevTypeStrs>
						<devTypeStr>MF633C/635C</devTypeStr>
					</matchingDevTypeStrs>
				</device>

				<device name="Canon MF720C Series UFRII LT">
					<matchingDevTypeStrs>
						<devTypeStr>MF720C Series</devTypeStr>
					</matchingDevTypeStrs>
				</device>

				<device name="Canon MF9200 Series UFRII LT">
					<matchingDevTypeStrs>
						<devTypeStr>MF9220</devTypeStr>
						<devTypeStr>MF9280</devTypeStr>
					</matchingDevTypeStrs>
				</device>

				<device name="Canon MF731C/733C UFR II">
					<matchingDevTypeStrs>
						<devTypeStr>MF731C/733C</devTypeStr>
					</matchingDevTypeStrs>
				</device>

				<device name="Canon MF732C/734C/735C UFR II">
					<matchingDevTypeStrs>
						<devTypeStr>MF732C/734C/735C</devTypeStr>
					</matchingDevTypeStrs>
				</device>

				<device name="Canon MF810/820 UFR II">
					<matchingDevTypeStrs>
						<devTypeStr>MF810</devTypeStr>
						<devTypeStr>MF820</devTypeStr>
					</matchingDevTypeStrs>
				</device>

				<device name="Canon D570 UFRII LT">
					<matchingDevTypeStrs>
						<devTypeStr>Canon D570</devTypeStr>
					</matchingDevTypeStrs>
				</device>

				<device name="Canon D1500 Series UFR II">
					<matchingDevTypeStrs>
						<devTypeStr>D1500 Series</devTypeStr>
					</matchingDevTypeStrs>
				</device>

				<device name="Canon LBP251 UFR II">
					<matchingDevTypeStrs>
						<devTypeStr>LBP251</devTypeStr>
					</matchingDevTypeStrs>
				</device>

				<device name="Canon LBP6650/3470 UFR II">
					<matchingDevTypeStrs>
						<devTypeStr>LBP6650</devTypeStr>
						<devTypeStr>LBP3470</devTypeStr>
					</matchingDevTypeStrs>
				</device>

				<device name="Canon LBP252 UFR II">
					<matchingDevTypeStrs>
						<devTypeStr>LBP252</devTypeStr>
					</matchingDevTypeStrs>
				</device>

				<device name="Canon LBP253 UFR II">
					<matchingDevTypeStrs>
						<devTypeStr>LBP253</devTypeStr>
					</matchingDevTypeStrs>
				</device>

				<device name="Canon LBP6670 UFR II">
					<matchingDevTypeStrs>
						<devTypeStr>LBP6670</devTypeStr>
					</matchingDevTypeStrs>
				</device>

				<device name="Canon LBP6680/3480 UFR II">
					<matchingDevTypeStrs>
						<devTypeStr>LBP6680</devTypeStr>
						<devTypeStr>LBP3480</devTypeStr>
					</matchingDevTypeStrs>
				</device>

				<device name="Canon LBP6750/3560 UFR II">
					<matchingDevTypeStrs>
						<devTypeStr>LBP6750</devTypeStr>
						<devTypeStr>LBP3560</devTypeStr>
					</matchingDevTypeStrs>
				</device>

				<device name="Canon LBP6780/3580 UFR II">
					<matchingDevTypeStrs>
						<devTypeStr>LBP6780</devTypeStr>
						<devTypeStr>LBP3580</devTypeStr>
					</matchingDevTypeStrs>
				</device>

				<device name="Canon LBP310/311/312 UFR II">
					<matchingDevTypeStrs>
						<devTypeStr>LBP310x</devTypeStr>
						<devTypeStr>LBP311x</devTypeStr>
						<devTypeStr>LBP312x</devTypeStr>
						<devTypeStr>LBP312dn</devTypeStr>
					</matchingDevTypeStrs>
				</device>

				<device name="Canon LBP351/352 UFR II">
					<matchingDevTypeStrs>
						<devTypeStr>LBP351dn</devTypeStr>
						<devTypeStr>LBP352dn</devTypeStr>
						<devTypeStr>LBP351x</devTypeStr>
						<devTypeStr>LBP352x</devTypeStr>
					</matchingDevTypeStrs>
				</device>

				<device name="Canon LBP612C/613C UFR II">
					<matchingDevTypeStrs>
						<devTypeStr>LBP612C/613C</devTypeStr>
					</matchingDevTypeStrs>
				</device>

				<device name="Canon LBP7660C UFR II">
					<matchingDevTypeStrs>
						<devTypeStr>LBP7660C</devTypeStr>
					</matchingDevTypeStrs>
				</device>

				<device name="Canon LBP7680C/5280 UFR II">
					<matchingDevTypeStrs>
						<devTypeStr>LBP7680C</devTypeStr>
						<devTypeStr>LBP5280</devTypeStr>
					</matchingDevTypeStrs>
				</device>

				<device name="Canon LBP653C/654C UFR II">
					<matchingDevTypeStrs>
						<devTypeStr>LBP653C/654C</devTypeStr>
					</matchingDevTypeStrs>
				</device>

				<device name="Canon LBP7780C/5480 UFR II">
					<matchingDevTypeStrs>
						<devTypeStr>LBP7780C</devTypeStr>
						<devTypeStr>LBP5480</devTypeStr>
					</matchingDevTypeStrs>
				</device>

				<device name="Canon LBP712C UFR II">
					<matchingDevTypeStrs>
						<devTypeStr>LBP712Cdn</devTypeStr>
						<devTypeStr>LBP712Cx</devTypeStr>
					</matchingDevTypeStrs>
				</device>

			</deviceList>
		</method>
	</methodList>
</discovery>
