﻿<?xml version="1.0" encoding="utf-8"?>
<SharedProductData xmlns:xsi="http://www.w3.org/2001/XMLSchema-instance" xmlns:xsd="http://www.w3.org/2001/XMLSchema">
  <ReleaseDescriptorNoSpaces>XeroxAltaLinkC81xx</ReleaseDescriptorNoSpaces>
  <ReleaseDescriptorWithSpaces>Xerox AltaLink C8130/C8135/C8145/C8155/C8170</ReleaseDescriptorWithSpaces>
  <RecommendedPdl>PS</RecommendedPdl>
  <V4DriverPDL>PS</V4DriverPDL>
  <V4DriverPDL>PCL6</V4DriverPDL>
  <CWISColorLevelsLink>http://{0}/status/consumables.php</CWISColorLevelsLink>
  <CWISPaperLevelsLink>http://{0}/status/trays.php</CWISPaperLevelsLink>
  <DefaultRegistrationModel>ALC81XX</DefaultRegistrationModel>
  <capabilities>
    <ControllerFamily>DISCOVERY</ControllerFamily>
    <ControllerFamilyVersion>2.0</ControllerFamilyVersion>
    <PowerEngageSupport>Available</PowerEngageSupport>
    <!-- Microsoft's Auto-Config requires firmware update to D2.1 (e.g. SMP-1) or later. -->
    <MicrosoftWsdMonAutoConfig>SupportedPostLaunch</MicrosoftWsdMonAutoConfig>
    <MicrosoftTcpMonAutoConfig>SupportedPostLaunch</MicrosoftTcpMonAutoConfig>
    <XBDSLevel>1.0</XBDSLevel>
    <XCPTLevel>1.0</XCPTLevel>
    <CBRLevel>1.0</CBRLevel>
    <ColorCapability>Color</ColorCapability>
    <MediaTypeTranslation>Office</MediaTypeTranslation>
    <LDAPPhonebook>Available</LDAPPhonebook>
  </capabilities>
  <models>
    <PrinterModel>
      <ModelName>Xerox AltaLink C8130</ModelName>
	  <Mimic>XeroxAltaLinkC81xx_48.png</Mimic>
	  <Mimic256>XeroxAltaLinkC81xx_256.png</Mimic256>
      <SysObjectIds>
        <string>1.3.6.1.4.1.253.8.62.1.35.2.6</string>
      </SysObjectIds>
      <USBProductId>8E0E</USBProductId>
      <RatedSpeed>30</RatedSpeed>
      <HardwareId>XeroxAltaLink_C81306399</HardwareId>
      <ConditionalModelDesignation>C8130</ConditionalModelDesignation>
      <WebLinkModelId>ALC81XX</WebLinkModelId>
      <DeviceStageIconName>dm_Corvo</DeviceStageIconName>
      <PowerengageBrand>AltaLink</PowerengageBrand>
      <PowerengageModel>C8130</PowerengageModel>
    </PrinterModel>
    <PrinterModel>
      <ModelName>Xerox AltaLink C8135</ModelName>
	  <Mimic>XeroxAltaLinkC81xx_48.png</Mimic>
	  <Mimic256>XeroxAltaLinkC81xx_256.png</Mimic256>
      <SysObjectIds>
        <string>1.3.6.1.4.1.253.8.62.1.35.2.7</string>
      </SysObjectIds>
      <USBProductId>8E0F</USBProductId>
      <RatedSpeed>35</RatedSpeed>
      <HardwareId>XeroxAltaLink_C81356059</HardwareId>
      <ConditionalModelDesignation>C8135</ConditionalModelDesignation>
      <WebLinkModelId>ALC81XX</WebLinkModelId>
      <DeviceStageIconName>dm_Corvo</DeviceStageIconName>
      <PowerengageBrand>AltaLink</PowerengageBrand>
      <PowerengageModel>C8135</PowerengageModel>
    </PrinterModel>
    <PrinterModel>
      <ModelName>Xerox AltaLink C8145</ModelName>
	  <Mimic>XeroxAltaLinkC81xx_48.png</Mimic>
	  <Mimic256>XeroxAltaLinkC81xx_256.png</Mimic256>
      <SysObjectIds>
        <string>1.3.6.1.4.1.253.8.62.1.35.2.8</string>
      </SysObjectIds>
      <USBProductId>8E10</USBProductId>
      <RatedSpeed>45</RatedSpeed>
      <HardwareId>XeroxAltaLink_C8145505B</HardwareId>
      <ConditionalModelDesignation>C8145</ConditionalModelDesignation>
      <WebLinkModelId>ALC81XX</WebLinkModelId>
      <DeviceStageIconName>dm_Corvo</DeviceStageIconName>
      <PowerengageBrand>AltaLink</PowerengageBrand>
      <PowerengageModel>C8145</PowerengageModel>
    </PrinterModel>
    <PrinterModel>
      <ModelName>Xerox AltaLink C8155</ModelName>
	  <Mimic>XeroxAltaLinkC81xx_48.png</Mimic>
	  <Mimic256>XeroxAltaLinkC81xx_256.png</Mimic256>
      <SysObjectIds>
        <string>1.3.6.1.4.1.253.8.62.1.35.2.9</string>
      </SysObjectIds>
      <USBProductId>8E11</USBProductId>
      <RatedSpeed>55</RatedSpeed>
      <HardwareId>XeroxAltaLink_C8155C05A</HardwareId>
      <ConditionalModelDesignation>C8155</ConditionalModelDesignation>
      <WebLinkModelId>ALC81XX</WebLinkModelId>
      <DeviceStageIconName>dm_Corvo</DeviceStageIconName>
      <PowerengageBrand>AltaLink</PowerengageBrand>
      <PowerengageModel>C8155</PowerengageModel>
    </PrinterModel>
    <PrinterModel>
      <ModelName>Xerox AltaLink C8170</ModelName>
	  <Mimic>XeroxAltaLinkC81xx_48.png</Mimic>
	  <Mimic256>XeroxAltaLinkC81xx_256.png</Mimic256>
      <SysObjectIds>
        <string>1.3.6.1.4.1.253.8.62.1.35.2.17</string>
      </SysObjectIds>
      <USBProductId>8E12</USBProductId>
      <RatedSpeed>70</RatedSpeed>
      <HardwareId>XeroxAltaLink_C8170A39B</HardwareId>
      <ConditionalModelDesignation>C8170</ConditionalModelDesignation>
      <WebLinkModelId>ALC81XX</WebLinkModelId>
      <DeviceStageIconName>dm_Corvo</DeviceStageIconName>
      <PowerengageBrand>AltaLink</PowerengageBrand>
      <PowerengageModel>C8170</PowerengageModel>
    </PrinterModel>
  </models>
</SharedProductData>