<?xml version="1.0" encoding="utf-8"?>

<discovery xmlns="urn:slpdiscovery">
	
	<refreshRate>60</refreshRate>
	<timeout>4</timeout>

	<methodList onlyMatching="true">

		<!-- SLP method to find "service:printer" devices -->
		<method name="Test" serviceType="printer.canon"> 
			<AttributeList>
				<devNameOID>x-can-PdInfoMachineName</devNameOID>
				<devTypeOID>x-can-PdInfoProductName</devTypeOID>
 				<sysDescOID>sysDescr</sysDescOID>
			</AttributeList>

			<deviceList>
				<device name="Canon Office Color N1000" enum="1">
					<matchingDevTypeStrs>
						<devTypeStr>Office Color N1000</devTypeStr>
					</matchingDevTypeStrs>
				</device>

				<device name="Canon Office Color N1100" enum="2">
					<matchingDevTypeStrs>
						<devTypeStr>Office Color N1100</devTypeStr>
					</matchingDevTypeStrs>
				</device>

				<device name="Canon Office Color N2000" enum="3">
					<matchingDevTypeStrs>
						<devTypeStr>Office Color N2000</devTypeStr>
					</matchingDevTypeStrs>
				</device>

				<device name="Canon Office Color N2100" enum="4">
					<matchingDevTypeStrs>
						<devTypeStr>Office Color N2100</devTypeStr>
					</matchingDevTypeStrs>
				</device>

				<device name="Canon Graphic Color W2200" enum="5">
					<matchingDevTypeStrs>
						<devTypeStr>Graphic Color W2200</devTypeStr>
					</matchingDevTypeStrs>
				</device>

				<device name="Canon Large Format W7200" enum="6">
					<matchingDevTypeStrs>
						<devTypeStr>Large Format W7200</devTypeStr>
					</matchingDevTypeStrs>
				</device>

				<device name="Canon Large Format W7250" enum="7">
					<matchingDevTypeStrs>
						<devTypeStr>Large Format W7250</devTypeStr>
					</matchingDevTypeStrs>
				</device>

				<device name="Canon Large Format W8200" enum="8">
					<matchingDevTypeStrs>
						<devTypeStr>Large Format W8200</devTypeStr>
					</matchingDevTypeStrs>
				</device>

				<device name="Canon Large Format W8200PG" enum="9">
					<matchingDevTypeStrs>
						<devTypeStr>Large Format W8200PG</devTypeStr>
					</matchingDevTypeStrs>
				</device>
				
				<device name="Canon Large Format W6200PG" enum="10">
					<matchingDevTypeStrs>
						<devTypeStr>Large Format W6200PG</devTypeStr>
					</matchingDevTypeStrs>
				</device>
				
				<device name="Canon BIJ1300" enum="11">
					<matchingDevTypeStrs>
						<devTypeStr>BIJ1300</devTypeStr>
					</matchingDevTypeStrs>
				</device>
				
				<device name="Canon BIJ2300" enum="12">
					<matchingDevTypeStrs>
						<devTypeStr>BIJ2300</devTypeStr>
					</matchingDevTypeStrs>
				</device>

				<device name="Canon BIJ1350" enum="13">
					<matchingDevTypeStrs>
						<devTypeStr>BIJ1350 LIPS</devTypeStr>
					</matchingDevTypeStrs>
				</device>
				
				<device name="Canon BIJ2350" enum="14">
					<matchingDevTypeStrs>
						<devTypeStr>BIJ2350 LIPS</devTypeStr>
					</matchingDevTypeStrs>
				</device>

				<device name="Canon W6400PG" enum="15">
					<matchingDevTypeStrs>
						<devTypeStr>W6400PG</devTypeStr>
					</matchingDevTypeStrs>
				</device>

				<device name="Canon W8400PG" enum="16">
					<matchingDevTypeStrs>
						<devTypeStr>W8400PG</devTypeStr>
					</matchingDevTypeStrs>
				</device>

				<device name="Canon BIJ1350D" enum="17">
					<matchingDevTypeStrs>
						<devTypeStr>BIJ1350D LIPS</devTypeStr>
					</matchingDevTypeStrs>
				</device>
				
				<device name="Canon W6400" enum="18">
					<matchingDevTypeStrs>
						<devTypeStr>W6400</devTypeStr>
					</matchingDevTypeStrs>
				</device>

				<device name="Canon W8400" enum="19">
					<matchingDevTypeStrs>
						<devTypeStr>W8400</devTypeStr>
					</matchingDevTypeStrs>
				</device>

				<device name="Canon iPF500" enum="20">
					<matchingDevTypeStrs>
						<devTypeStr>iPF500</devTypeStr>
					</matchingDevTypeStrs>
				</device>
				
				<device name="Canon iPF600" enum="21">
					<matchingDevTypeStrs>
						<devTypeStr>iPF600</devTypeStr>
					</matchingDevTypeStrs>
				</device>
				
				<device name="Canon iPF5000" enum="22">
					<matchingDevTypeStrs>
						<devTypeStr>iPF5000</devTypeStr>
					</matchingDevTypeStrs>
				</device>
				<device name="Canon iPF700" enum="23">
					<matchingDevTypeStrs>
						<devTypeStr>iPF700</devTypeStr>
					</matchingDevTypeStrs>
				</device>
				
				<device name="Canon iPF9000" enum="24">
					<matchingDevTypeStrs>
						<devTypeStr>iPF9000</devTypeStr>
					</matchingDevTypeStrs>
				</device>
				
				<device name="Canon iPF8000" enum="25">
					<matchingDevTypeStrs>
						<devTypeStr>iPF8000</devTypeStr>
					</matchingDevTypeStrs>
				</device>
				
				<device name="Canon iPF6100" enum="26">
					<matchingDevTypeStrs>
						<devTypeStr>iPF6100</devTypeStr>
					</matchingDevTypeStrs>
				</device>
					
				<device name="Canon iPF5100" enum="27">
					<matchingDevTypeStrs>
						<devTypeStr>iPF5100</devTypeStr>
					</matchingDevTypeStrs>
				</device>

				<device name="Canon iPF510" enum="28">
					<matchingDevTypeStrs>
						<devTypeStr>iPF510</devTypeStr>
					</matchingDevTypeStrs>
				</device>

				<device name="Canon iPF610" enum="29">
					<matchingDevTypeStrs>
						<devTypeStr>iPF610</devTypeStr>
					</matchingDevTypeStrs>
				</device>

				<device name="Canon iPF710" enum="30">
					<matchingDevTypeStrs>
						<devTypeStr>iPF710</devTypeStr>
					</matchingDevTypeStrs>
				</device>

				<device name="Canon iPF8000S" enum="31">
					<matchingDevTypeStrs>
						<devTypeStr>iPF8000S</devTypeStr>
					</matchingDevTypeStrs>
				</device>

				<device name="Canon iPF9000S" enum="32">
					<matchingDevTypeStrs>
						<devTypeStr>iPF9000S</devTypeStr>
					</matchingDevTypeStrs>
				</device>

				<device name="Canon iPF8100" enum="33">
					<matchingDevTypeStrs>
						<devTypeStr>iPF8100</devTypeStr>
					</matchingDevTypeStrs>
				</device>

				<device name="Canon iPF9100" enum="34">
					<matchingDevTypeStrs>
						<devTypeStr>iPF9100</devTypeStr>
					</matchingDevTypeStrs>
				</device>

				<device name="Canon iPF605" enum="35">
					<matchingDevTypeStrs>
						<devTypeStr>iPF605</devTypeStr>
					</matchingDevTypeStrs>
				</device>

				<device name="Canon iPF720" enum="36">
					<matchingDevTypeStrs>
						<devTypeStr>iPF720</devTypeStr>
					</matchingDevTypeStrs>
				</device>

				<device name="Canon iPF6200" enum="37">
					<matchingDevTypeStrs>
						<devTypeStr>iPF6200</devTypeStr>
					</matchingDevTypeStrs>
				</device>

				<device name="Canon iPF810" enum="38">
					<matchingDevTypeStrs>
						<devTypeStr>iPF810</devTypeStr>
					</matchingDevTypeStrs>
				</device>

				<device name="Canon iPF820" enum="39">
					<matchingDevTypeStrs>
						<devTypeStr>iPF820</devTypeStr>
					</matchingDevTypeStrs>
				</device>

				<device name="Canon iPF6000S" enum="40">
					<matchingDevTypeStrs>
						<devTypeStr>iPF6000S</devTypeStr>
					</matchingDevTypeStrs>
				</device>

				<device name="Canon iPF8110" enum="41">
					<matchingDevTypeStrs>
						<devTypeStr>iPF8110</devTypeStr>
					</matchingDevTypeStrs>
				</device>

				<device name="Canon iPF9110" enum="42">
					<matchingDevTypeStrs>
						<devTypeStr>iPF9110</devTypeStr>
					</matchingDevTypeStrs>
				</device>

				<device name="Canon iPF8010S" enum="43">
					<matchingDevTypeStrs>
						<devTypeStr>iPF8010S</devTypeStr>
					</matchingDevTypeStrs>
				</device>

				<device name="Canon iPF9010S" enum="44">
					<matchingDevTypeStrs>
						<devTypeStr>iPF9010S</devTypeStr>
					</matchingDevTypeStrs>
				</device>

				<device name="Canon iPF750" enum="45">
					<matchingDevTypeStrs>
						<devTypeStr>iPF750</devTypeStr>
					</matchingDevTypeStrs>
				</device>

				<device name="Canon iPF755" enum="46">
					<matchingDevTypeStrs>
						<devTypeStr>iPF755</devTypeStr>
					</matchingDevTypeStrs>
				</device>

				<device name="Canon iPF650" enum="47">
					<matchingDevTypeStrs>
						<devTypeStr>iPF650</devTypeStr>
					</matchingDevTypeStrs>
				</device>

				<device name="Canon iPF655" enum="48">
					<matchingDevTypeStrs>
						<devTypeStr>iPF655</devTypeStr>
					</matchingDevTypeStrs>
				</device>

				<device name="Canon iPF6300" enum="49">
					<matchingDevTypeStrs>
						<devTypeStr>iPF6300</devTypeStr>
					</matchingDevTypeStrs>
				</device>

				<device name="Canon iPF6350" enum="50">
					<matchingDevTypeStrs>
						<devTypeStr>iPF6350</devTypeStr>
					</matchingDevTypeStrs>
				</device>

				<device name="Canon iPF8300" enum="51">
					<matchingDevTypeStrs>
						<devTypeStr>iPF8300</devTypeStr>
					</matchingDevTypeStrs>
				</device>

				<device name="Canon iPF8310" enum="52">
					<matchingDevTypeStrs>
						<devTypeStr>iPF8310</devTypeStr>
					</matchingDevTypeStrs>
				</device>

				<device name="Canon iPF815" enum="53">
					<matchingDevTypeStrs>
						<devTypeStr>iPF815</devTypeStr>
					</matchingDevTypeStrs>
				</device>

				<device name="Canon iPF825" enum="54">
					<matchingDevTypeStrs>
						<devTypeStr>iPF825</devTypeStr>
					</matchingDevTypeStrs>
				</device>

				<device name="Canon iPF6300S" enum="55">
					<matchingDevTypeStrs>
						<devTypeStr>iPF6300S</devTypeStr>
					</matchingDevTypeStrs>
				</device>

				<device name="Canon iPF8300S" enum="56">
					<matchingDevTypeStrs>
						<devTypeStr>iPF8300S</devTypeStr>
					</matchingDevTypeStrs>
				</device>

				<device name="Canon iPF8310S" enum="57">
					<matchingDevTypeStrs>
						<devTypeStr>iPF8310S</devTypeStr>
					</matchingDevTypeStrs>
				</device>

				<device name="Canon iPF760" enum="58">
					<matchingDevTypeStrs>
						<devTypeStr>iPF760</devTypeStr>
					</matchingDevTypeStrs>
				</device>

				<device name="Canon iPF765" enum="59">
					<matchingDevTypeStrs>
						<devTypeStr>iPF765</devTypeStr>
					</matchingDevTypeStrs>
				</device>

				<device name="Canon iPF9400" enum="60">
					<matchingDevTypeStrs>
						<devTypeStr>iPF9400</devTypeStr>
					</matchingDevTypeStrs>
				</device>

				<device name="Canon iPF9400S" enum="61">
					<matchingDevTypeStrs>
						<devTypeStr>iPF9400S</devTypeStr>
					</matchingDevTypeStrs>
				</device>

				<device name="Canon iPF9410" enum="62">
					<matchingDevTypeStrs>
						<devTypeStr>iPF9410</devTypeStr>
					</matchingDevTypeStrs>
				</device>

				<device name="Canon iPF9410S" enum="63">
					<matchingDevTypeStrs>
						<devTypeStr>iPF9410S</devTypeStr>
					</matchingDevTypeStrs>
				</device>

				<device name="Canon iPF6400" enum="64">
					<matchingDevTypeStrs>
						<devTypeStr>iPF6400</devTypeStr>
					</matchingDevTypeStrs>
				</device>

				<device name="Canon iPF6410" enum="65">
					<matchingDevTypeStrs>
						<devTypeStr>iPF6410</devTypeStr>
					</matchingDevTypeStrs>
				</device>

				<device name="Canon iPF6450" enum="66">
					<matchingDevTypeStrs>
						<devTypeStr>iPF6450</devTypeStr>
					</matchingDevTypeStrs>
				</device>

				<device name="Canon iPF6460" enum="67">
					<matchingDevTypeStrs>
						<devTypeStr>iPF6460</devTypeStr>
					</matchingDevTypeStrs>
				</device>

				<device name="Canon iPF8400" enum="68">
					<matchingDevTypeStrs>
						<devTypeStr>iPF8400</devTypeStr>
					</matchingDevTypeStrs>
				</device>

				<device name="Canon iPF8410" enum="69">
					<matchingDevTypeStrs>
						<devTypeStr>iPF8410</devTypeStr>
					</matchingDevTypeStrs>
				</device>

				<device name="Canon iPF6400S" enum="70">
					<matchingDevTypeStrs>
						<devTypeStr>iPF6400S</devTypeStr>
					</matchingDevTypeStrs>
				</device>

				<device name="Canon iPF6410S" enum="71">
					<matchingDevTypeStrs>
						<devTypeStr>iPF6410S</devTypeStr>
					</matchingDevTypeStrs>
				</device>

				<device name="Canon iPF8400S" enum="72">
					<matchingDevTypeStrs>
						<devTypeStr>iPF8400S</devTypeStr>
					</matchingDevTypeStrs>
				</device>

				<device name="Canon iPF8410S" enum="73">
					<matchingDevTypeStrs>
						<devTypeStr>iPF8410S</devTypeStr>
					</matchingDevTypeStrs>
				</device>

				<device name="Canon iPF6400SE" enum="74">
					<matchingDevTypeStrs>
						<devTypeStr>iPF6400SE</devTypeStr>
					</matchingDevTypeStrs>
				</device>

				<device name="Canon iPF6410SE" enum="75">
					<matchingDevTypeStrs>
						<devTypeStr>iPF6410SE</devTypeStr>
					</matchingDevTypeStrs>
				</device>

				<device name="Canon iPF8400SE" enum="76">
					<matchingDevTypeStrs>
						<devTypeStr>iPF8400SE</devTypeStr>
					</matchingDevTypeStrs>
				</device>

				<device name="Canon iPF8410SE" enum="77">
					<matchingDevTypeStrs>
						<devTypeStr>iPF8410SE</devTypeStr>
					</matchingDevTypeStrs>
				</device>

				<device name="Canon iPF680" enum="78">
					<matchingDevTypeStrs>
						<devTypeStr>iPF680</devTypeStr>
					</matchingDevTypeStrs>
				</device>

				<device name="Canon iPF681" enum="79">
					<matchingDevTypeStrs>
						<devTypeStr>iPF681</devTypeStr>
					</matchingDevTypeStrs>
				</device>

				<device name="Canon iPF685" enum="80">
					<matchingDevTypeStrs>
						<devTypeStr>iPF685</devTypeStr>
					</matchingDevTypeStrs>
				</device>

				<device name="Canon iPF686" enum="81">
					<matchingDevTypeStrs>
						<devTypeStr>iPF686</devTypeStr>
					</matchingDevTypeStrs>
				</device>

				<device name="Canon iPF780" enum="82">
					<matchingDevTypeStrs>
						<devTypeStr>iPF780</devTypeStr>
					</matchingDevTypeStrs>
				</device>

				<device name="Canon iPF781" enum="83">
					<matchingDevTypeStrs>
						<devTypeStr>iPF781</devTypeStr>
					</matchingDevTypeStrs>
				</device>

				<device name="Canon iPF785" enum="84">
					<matchingDevTypeStrs>
						<devTypeStr>iPF785</devTypeStr>
					</matchingDevTypeStrs>
				</device>

				<device name="Canon iPF786" enum="85">
					<matchingDevTypeStrs>
						<devTypeStr>iPF786</devTypeStr>
					</matchingDevTypeStrs>
				</device>

				<device name="Canon iPF670" enum="86">
					<matchingDevTypeStrs>
						<devTypeStr>iPF670</devTypeStr>
					</matchingDevTypeStrs>
				</device>

				<device name="Canon iPF671" enum="87">
					<matchingDevTypeStrs>
						<devTypeStr>iPF671</devTypeStr>
					</matchingDevTypeStrs>
				</device>

				<device name="Canon iPF770" enum="88">
					<matchingDevTypeStrs>
						<devTypeStr>iPF770</devTypeStr>
					</matchingDevTypeStrs>
				</device>

				<device name="Canon iPF771" enum="89">
					<matchingDevTypeStrs>
						<devTypeStr>iPF771</devTypeStr>
					</matchingDevTypeStrs>
				</device>

				<device name="Canon iPF830" enum="90">
					<matchingDevTypeStrs>
						<devTypeStr>iPF830</devTypeStr>
					</matchingDevTypeStrs>
				</device>

				<device name="Canon iPF831" enum="91">
					<matchingDevTypeStrs>
						<devTypeStr>iPF831</devTypeStr>
					</matchingDevTypeStrs>
				</device>

				<device name="Canon iPF840" enum="92">
					<matchingDevTypeStrs>
						<devTypeStr>iPF840</devTypeStr>
					</matchingDevTypeStrs>
				</device>

				<device name="Canon iPF841" enum="93">
					<matchingDevTypeStrs>
						<devTypeStr>iPF841</devTypeStr>
					</matchingDevTypeStrs>
				</device>

				<device name="Canon iPF850" enum="94">
					<matchingDevTypeStrs>
						<devTypeStr>iPF850</devTypeStr>
					</matchingDevTypeStrs>
				</device>

				<device name="Canon iPF851" enum="95">
					<matchingDevTypeStrs>
						<devTypeStr>iPF851</devTypeStr>
					</matchingDevTypeStrs>
				</device>

			</deviceList>
		</method>
	</methodList>
</discovery>
