{
   "*_license_text" : "\n軟體授權合約\n\n----身為使用者的您，當您使用本軟體時，包括本軟體的任何未來版本、修訂、更新或加強版（合稱「本軟體」），皆須遵守本合約條款的規定（以下稱「本軟體」）。\n藉由安裝或使用本軟體，或按一下「接受」鈕，即表示您同意接受本合約條款的約束。若您無法接受本合約條款，請您勿將本軟體安裝於任何電腦。\n\n1. 授權\n本軟體僅授權供應商或本公司所配載或指定之設備使用（以下稱「本設備」）。您可將本軟體使用於任何得以電子方式進入的設備。您不得將本軟體出租或租借，或將您在本授權的權利轉讓給第三人。\n\n2. 期間\n本合約所賦予本軟體授權之效力直到終止為止。本合約所賦予本軟體之授權將於您未遵守本合約條款之規定時終止。本合約一旦終止，您同意銷毀本軟體及其所有文件複本。\n\n3. 軟體所有權 \n您僅擁有（若有）已交付軟體的磁性媒體。本公司或本公司之授權人保留本軟體所包含之相關權利、所有權與利益，此為本合約之明示前提要件。\n\n4. 複製\n除基於授權使用所需，以及一份複本以維持操作安全外，您不得製作本軟體的任何複本，亦不得促使任何人製作複本。任何此類複本皆須受到本合約條件之規範。\n您不得基於本軟體或其相關文件的全部或任何部份，進行修改、改寫、合併、轉譯、反向工程、反編譯、解譯或創作衍生著作。\n您對於本軟體或其相關文件的任何著作權之侵害、未經授權使用、重製或使用等行為，皆須擔負法律責任。\n\n5. 未來版本\n您瞭解並同意，本軟體的任何未來版本、修訂、更新或加強版，皆得自動安裝於您的電腦。\n\n6. 第三方程式\n您瞭解，本軟體可能包含第三方擁有以及／或者一或數份開放原始碼軟體授權協議所授權的軟體程式、程式碼或程式庫（統稱「第三方程式」）。您於使用該第三方程式時，必須遵守附加的條款與條件，該附加條款與條件可在本公司所提供的軟體安裝文字檔案或下載媒體中取得。當禁止約定免責的相關法律明確許可，或依第三方程式授權條款規定時，本公司得免除本合約第4條禁止反向工程或反編譯規定的限制，但僅限相關授權或法律規定的特定用途，且不得創造任何與本軟體實質雷同的軟體。縱使本合約有任何相反之規定，本公司係按「現狀」提供任何第三方程式，不提供任何支援，亦不提供任何明示或默示的擔保。\n\n7. 使用者資訊\n您同意經由本軟體收集您的影印機、印表機、多功能裝置與您電腦的相關資訊，並傳送至本公司的遠端伺服器，該伺服器可能非位於您裝置之所在國家。上述資訊可能包括但不限於（以說明方式列舉如下）：(I) 識別任何網路輸出設備（例如：製造號碼、型號與序號）以及有關您電腦的資訊（例如：作業系統名稱及其版本），(II) 裝置之使用、儀表及診斷資訊（例如：列印頁數、錯誤代碼等），以及 (III) 符合授權之驗證。本軟體無法亦不會收集文件內容或您本人的相關識別資訊。本公司亦可能基於例行營業目的而使用此等資訊，包括但不限於：產品開發、研究與行銷，其前提為，此等資訊以匿名的形式收集而不會識別您本人。\n\n8.保證限制\n針對非屬本軟體所儲存的媒體（若有提供），關於原始購買人材料或製作技術方面的瑕疵，提供自設備購買日起一年的保證。將瑕疵媒體連同購買收據影本以預付郵資之方式退回您的供應商後，將進行更換。\n此為您唯一且僅有的救濟權利，不論是依據侵權、契約或其他法理皆然。不論在任何情況下，本公司或本軟體的供應商、所有權人或其授權人對於因本軟體或其使用或使用本軟體之責任，所產生之任何損害（包括任何資訊、利潤、存款或業務中斷之損失或其他直接、間接、附帶、衍生性或特別損害），概不負責。\n\n9. 出口法律\n您瞭解，本軟體之出口受到美國及其他國家出口管制法律之規範。您同意遵守所有此等出口管制法律之規定。\n\n10. 準據法與管轄\n若本合約任何條款或部份經認定為不合法、無效或不能執行，其餘條款仍應維持其完整效力與執行力。\n本合約之準據法與管轄應視您購買或取得本軟體之地點而定，如下所示：\n(a) 若您在美國購買或取得本軟體，則本合約應視為依據美國紐約州法律所簽訂，但不包括法律選擇與法律衝突之規定，而任何可能針對本公司所聲請之執行或提起之爭訟，皆以紐約州法院為專屬管轄法院；\n(b) 若您在歐洲、中東或非洲購買或取得本軟體，則本合約應視為依據英國法律所簽訂，但不包括法律選擇與法律衝突之規定，而任何可能針對本公司所聲請之執行或提起之爭訟，皆以英國法院為專屬管轄法院；或\n(c) 若您在上述第(a)與(b)款以外之地區購買或取得本軟體，則本合約應視為依據日本法律所簽訂，但不包括法律選擇與法律衝突之規定，而任何可能針對本公司所聲請之執行或提起之爭訟，皆以日本東京法院為專屬管轄法院。\n\n在當地法律允許之範圍內，雙方拋棄由陪審團進行審判之權利。",
   "select_model_in_orchestra_for_usb_recommended_settings_tooltip|select_model_in_web_package_for_usb_recommended_settings_tooltip" : "選擇驅動程式種類時設為[開啟]。",
   "status_monitor_setting_*_message_1" : "選擇如何顯示狀態監視器。",
   "usb_connect_later_confirmation_message" : "您要取消連線？",
   "label_user_code" : "-使用者代碼：",
   "val_result_failed" : "：失敗",
   "printer_search_with_ip_address_ip_address_label" : "IP位址：",
   "label_shared" : "-共用印表機：",
   "printer_setting_user_code_tooltip|pcfax_setting_user_code_tooltip" : "未使用使用者代碼時請留空。\\n\\n使用者代碼用來計算每個使用者或群組的印表機功能使用。",
   "printer_power_off_step2_description" : "請關閉裝置。",
   "shared_printer_port" : "網路印表機",
   "select_software_type_to_install_pcfax_driver_pdl_enable_v4_tooltip" : "使用LAN-Fax Generic Driver時，請選擇核取方塊來開啟設定。\\n\\nV4LAN Fax Driver：\\nV4LAN Fax Driver是Windows市集應用程式中理想的傳送傳真驅動程式。\\n\\n\\n備註：\\n裝置需要裝備選購件才能使用傳真功能。",
   "active_prining_job_exist" : "有一個工作目前正在列印。在列印已完成後開始安裝。",
   "printer_setting_default_printer_tooltip|select_driver_default_printer_tooltip|pcfax_setting_default_printer_tooltip" : "從應用程式列印時將有優先權。",
   "setup_type_usb_label" : "電腦與裝置經由USB連接線直接連接時進行選擇。",
   "label_update_success_old_version" : "-之前版本：",
   "select_software_type_to_install_title" : "選擇裝置驅動程式",
   "invalid_parameter_ipp_port_name_message" : "IPP連接埠名稱無效。",
   "download_get_driver" : "正在取得驅動程式檔案...",
   "printer_power_on_step2_description" : "請開啟裝置。",
   "printer_search_error_step3_description" : "檢查裝置的IP位址。\\n\\n從裝置的[系統設定清單]取得IP位址。\\n關於更多資訊，請查看使用者指南。",
   "RPCS_BASIC_BW" : "RPCS Basic Driver (B&W)",
   "download_download_progress" : "$filename ($downloadedfilesize MB/$filesize MB)",
   "progressinstall_update" : "安裝/更新",
   "back|*_back" : "返回",
   "printer_setting_setup_with_bidi_update|select_driver_setup_with_bidi_update|pcfax_setting_setup_with_bidi_update" : "連接裝置並設定裝置選購件設定",
   "printer_power_off_step1_description" : "請將USB連接線從裝置拔除。",
   "printer_search_searching" : "正在搜尋...",
   "summury_install_fail_at_alternative_driver" : "新增裝置已成功。\\n額外的驅動程式安裝已失敗。",
   "PCL6_UD" : "PCL6 Driver for Universal Print",
   "invalid_parameter_already_used_printer_icon_name_details" : "輸入另外的印表機名稱。",
   "auto_recognition_connecting" : "正在連接...",
   "progresstitle" : "安裝步驟",
   "printer_setting_title" : "印表機喜好設定",
   "select_software_type_to_install_pcfax_driver_pdl_label" : "驅動程式種類：",
   "summury_installed_latest_driver" : "全部安裝的驅動程式都是最新版本。",
   "DDST_OSM" : "DDST Printer Driver",
   "check_update_update_printer_list" : "正在更新程式...",
   "report_open_html_setting" : "執行線上使用者註冊",
   "summury_install_only_driver_success_by_skip" : "程式已完成後將USB連接線連接至產品會自動新增裝置。",
   "printer_search_error_step1_description" : "將裝置電源開關[開啟]。",
   "check_update_check" : "正在檢查更新...",
   "select_model_in_orchestra_for_usb_recommended_settings|select_model_in_web_package_for_usb_recommended_settings" : "手動輸入設定",
   "shared_printer_port_msg" : "選擇要新增的網路印表機。",
   "tag_install_success_icon" : "[成功新增的裝置]",
   "network_error_message" : "無法與伺服器連接。",
   "status_monitor_setting_*_start_monitoring_when_pc_starts" : "PC開機時開始監視",
   "printer_search_with_ip_address_found_printers_column_ipaddress" : "IP位址",
   "not_included_driver_for_32bit_system" : "已在32位元的作業系統上執行64位元的驅動程式安裝程式。\\n請執行32位元的安裝程式。",
   "progressfinish" : "完成",
   "printer_search_on_local_network_recommended_settings_tooltip|printer_search_with_ip_address_recommended_settings_tooltip" : "變更顯示在您電腦上之裝置名稱或變更共用設定時設定為[開啟]。",
   "printer_setting_advanced_settings|pcfax_setting_advanced_settings" : "進階設定",
   "proxy_authentication_dialog" : "需要Proxy驗證",
   "label_version" : "-版本：",
   "software_query_progress_for_network_title|software_query_progress_for_usb_title" : "搜尋",
   "message_hdd_error" : "硬碟上沒有可用空間。",
   "select_model_in_orchestra_model_search_input_label|select_model_in_orchestra_for_usb_model_search_input_label" : "裝置名稱：",
   "usb_icon_already_installed|other_usb_icon_already_installed|not_found_driver|no_updatable_driver|not_update|installed_latest_driver" : "安裝已完成。",
   "check_driver_update_completed|wait_completed" : "完成。",
   "printer_setting_shared_printer_name_label|pcfax_setting_shared_printer_name_label" : "共用名稱：",
   "progressdevices_state_check" : "準備",
   "printer_search_error_step2_description" : "將LAN連接線或無線LAN\\n連接到裝置。",
   "printer_setting_default_printer|pcfax_setting_default_printer" : "設定為預設印表機",
   "printer_setting_driver_name_tooltip|select_driver_driver_name_tooltip|pcfax_setting_driver_name_tooltip" : "選擇要使用的裝置。",
   "select_update_printer_driver_update" : "更新",
   "printer_setting_shared_printer_name_tooltip|pcfax_setting_shared_printer_name_tooltip" : "輸入將會顯示在其他電腦上的裝置名稱。",
   "summury_install_success|summury_install_success_for_usb" : "新增裝置已成功。",
   "message_double_launch" : "$driver_installer_______已正在執行。",
   "usb_connect_later_confirmation_details" : "連線取消時無法新增裝置至您的電腦。\\n您確定要取消連線並結束安裝？\\n\\n結束安裝後，將裝置電源開關[開啟]\\n並連接USB連接線，將會新增裝置並可以使用列印。",
   "status_monitor_setting_*_title" : "狀態監視器",
   "online_user_registration_*_message_of_support_information" : "註冊時需要輸入[產品名稱]與[序列號]/[機型名稱]。\\n按一下按鈕前請持有可用產品隨附的（暫時）保證書。",
   "report_open_document_property" : "檢查/變更列印設定",
   "pcfax_setting_title" : "LAN-Fax偏好設定",
   "printer_setting_printer_name_tooltip|pcfax_setting_printer_name_tooltip" : "輸入要顯示在您電腦上的裝置名稱。",
   "select_update_printer_driver_updatable_printers_column_new_version" : "最新的版本",
   "select_model_in_web_package_title|select_model_in_web_package_for_usb_title" : "選擇裝置",
   "recommended_settings" : "手動輸入設定",
   "PS_V4" : "PostScript3 V4 Driver",
   "check_updatable_software_progress_title" : "更新",
   "RPCS-R" : "RPCS Raster Driver",
   "setup_type_usb" : "USB",
   "printer_search_with_ip_address_start_searching" : "搜尋",
   "retry|*_retry" : "重試",
   "RPCS_V4" : "RPCS V4 Driver",
   "select_model_in_web_package_message" : "請選擇要使用的裝置並按一下[下一步]。",
   "label_port_name" : "-連接埠名稱：",
   "failed_to_open_html_message" : "開啟線上使用者註冊頁面失敗。",
   "printer_search_on_local_network_stop_searching" : "停止",
   "select_software_type_to_install_driver_pdl_rpcs_recomended" : "RPCS Driver (Recommended)",
   "invalid_driver" : "這是無效的驅動程式。",
   "select_driver_default_printer" : "設定為預設印表機",
   "automatic_recognition_error_connect_later" : "取消連線",
   "confirm_update_programs_details" : "更新到最新的$ricoh_device_software_manager___來使用\\n$ricoh_device_software_manager___。",
   "cant_start_spooler|message_cant_start_spooler" : "無法開始列印多工緩衝處理器服務。在開始列印多工緩衝處理器服務後開始安裝。",
   "tag_update_result" : "[更新結果]",
   "summury_not_found_driver" : "找不到指定的驅動程式。",
   "update_programs_details" : "要使用$driver_installer_______，\\n需要更新到最新版本。\\n更新$ricoh_device_software_manager___後，\\n請重新啟動$driver_installer_______並繼續安裝。\\n您要執行更新？",
   "printer_setting_share|pcfax_setting_share" : "共用此印表機",
   "invalid_parameter_empty_share_printer_name_message" : "共用名稱為空白。",
   "printer_search_on_local_network_found_printers_column_comment" : "註解",
   "tag_update_success_icon" : "[成功更新的驅動程式]",
   "usb_connect_later_confirmation" : "取消連線",
   "not_supported_os_for_exp" : "找不到您OS支援的軟體。",
   "error" : "發生錯誤。",
   "select_model_in_orchestra_for_usb_model_search_description" : "以USB連接線連接印表機與PC。或者，輸入裝置名稱（數值）。\\n從搜尋結果選擇您正在使用的裝置。進行選擇後按一下[下一步]。",
   "install_fail|install_fail_at_pcfax|summury_install_fail" : "新增裝置已失敗。",
   "message_warning_title" : "警告",
   "device_property_message" : "請按下列步驟來設定[配件]。",
   "PCFAX" : "LAN-Fax Generic Driver",
   "online_user_registration_*_title" : "線上使用者註冊",
   "AddPortDialog" : "新增連接埠",
   "printer_setting_port_label|pcfax_setting_port_label" : "連接埠名稱：",
   "status_monitor_setting_*_monitor_by_one_monitor" : "由一個監視器針對使用相同連接埠的印表機進行監視",
   "printer_search_with_ip_address_found_printers_column_comment" : "註解",
   "test_page_print_icon_not_exist_message" : "找不到[成功安裝的裝置]的驅動程式。",
   "install_only_driver_success_by_skip|install_only_driver_success_by_error" : "驅動程式安裝已成功。",
   "tag_custom_driver" : "[自訂的驅動程式]",
   "label_driver_name" : "-驅動程式：",
   "select_software_type_to_install_driver_pdl_label" : "驅動程式種類：",
   "val_yes" : "開啟",
   "download_uncompressing_file" : "正在解壓縮檔案...",
   "printer_search_on_local_network_message" : "從清單選擇要使用的裝置並按一下[下一步]。\\n指定裝置的IP位址時按一下[若無法找到裝置時按一下]。",
   "select_update_printer_driver_title" : "選擇驅動程式",
   "printer_setting_attention|pcfax_setting_attention" : ": 為必需的輸入欄位。",
   "printer_setting_comment_label|pcfax_setting_comment_label" : "註解：",
   "install_instaling" : "正在安裝驅動程式...",
   "setup_type_update" : "更新驅動程式",
   "device_property_open_device_property" : "打開印表機內容",
   "select_software_type_to_install_use_scanner_driver" : "掃描器驅動程式",
   "printer_power_off_message" : "安裝驅動程式前請執行下列步驟。",
   "AddIPPPortDialog" : "新增IPP連接埠",
   "printer_power_on_message" : "請遵守底下步驟連接裝置。",
   "select_to_install_orchestra_check" : "安裝$ricoh_device_software_manager___",
   "select_driver_driver_name_label" : "驅動程式種類：",
   "printer_search_with_ip_address_title" : "依IP位址搜尋",
   "select_update_printer_driver_not_update" : "不更新",
   "common_cancel|common_update_programs|cancel_dialog" : "確認",
   "progressupdate" : "更新",
   "unspecified_error" : "發生不明錯誤。",
   "tag_update_fail_icon" : "[失敗更新的驅動程式]",
   "status_monitor_setting_*_restore_default" : "還原預設值",
   "check_update_title" : "檢查最新版本",
   "progresseula|license_agreement_title" : "使用者授權合約",
   "select_model_in_orchestra_for_network_model_search_input_hint|select_model_in_orchestra_for_usb_model_search_input_hint" : "輸入裝置名稱。如 2503",
   "PCL6" : "PCL6 Driver",
   "RPCS" : "RPCS Driver",
   "failed_to_open_html_details" : "請開啟下列檔案。",
   "install_success|install_success_at_pcfax" : "新增裝置已成功。",
   "report_reboot_timing_label" : "您必須重新啟動電腦來完成安裝。\\n您要在程式已完成時即重新啟動電腦？",
   "setup_type_title" : "選擇安裝方式",
   "select_model_in_web_package_driver_list_label|select_model_in_web_package_for_usb_driver_list_label" : "裝置名稱：",
   "select_driver_message" : "選擇要安裝的驅動程式。",
   "printer_search_with_ip_address_stop_searching" : "停止",
   "printer_setting_install_alternate_driver_tooltip|pcfax_setting_install_alternate_driver_tooltip" : "使用您電腦作為印表機伺服器時，可以使用其他不同位元數作業系統的電腦。",
   "status_monitor_setting_*_only_when_error_occur" : "僅在發生錯誤時",
   "open_document_property_error_details" : "驅動程式的安裝可能失敗。\\n請重新安裝驅動程式。",
   "test_page_print_unknown_details" : "請重新安裝驅動程式。",
   "val_not_installed" : "未安裝",
   "status_monitor_setting_display_setting_tooltip" : "列印開始時開始監視：\\n狀態監視器會在列印開始時自動顯示。列印完成時，它會自動關閉。\\n\\n總是監視：\\n如果您選擇此項然後開始列印或在[維護]索引標籤上按一下[顯示狀態監視器]來啟動狀態監視器，圖示會顯示在工作匣上且狀態監視器持續監視。\\n\\n永不顯示狀態監視器：\\n按一下來在列印時不自動啟動狀態監視器。",
   "test_page_print_unknown_message" : "列印測試頁失敗。",
   "progressdevices_settings" : "印表機喜好設定",
   "select_update_printer_driver_updatable_printers_label" : "可更新的印表機：",
   "update_completed" : "驅動程式更新已完成。",
   "summury_no_updatable_driver" : "沒有可更新的驅動程式。",
   "confirm_update_programs_message" : "需要更新$ricoh_device_software_manager___。",
   "tag_using_icon" : "[使用中的印表機]",
   "select_software_type_to_install_driver_pdl_rpcs_r_recomended" : "RPCS Raster Driver (Recommended)",
   "invalid_parameter_already_used_share_printer_name_details|invalid_parameter_empty_share_printer_name_details" : "輸入另外的共用名稱。",
   "check_driver_update_check" : "正在檢查更新...",
   "select_software_type_to_install_*_use_pcfax_driver" : "LAN FAX驅動程式",
   "printer_setting_comment_tooltip|pcfax_setting_comment_tooltip" : "當您要設定正在使用裝置的註解時變更此項。",
   "select_update_printer_driver_message" : "在下列清單上選擇印表機[更新]或[不更新]，然後按一下[下一步]。",
   "report_title" : "完成",
   "label_alternate_driver" : "-新增的驅動程式：",
   "invalid_parameter_already_used_printer_icon_name_message|invalid_parameter_already_used_share_printer_name_message" : "這已用為印表機名稱或共用名稱。",
   "model_selection_method_title" : "選擇搜尋方式",
   "select_model_in_orchestra_model_select_list_label|select_model_in_orchestra_for_usb_model_select_list_label" : "搜尋結果：",
   "printer_search_on_local_network_other_method" : "若無法找到裝置時按一下",
   "update_success|summury_update_success" : "驅動程式更新已成功。",
   "progressdevices_selection" : "選擇裝置",
   "printer_setting_share_tooltip|pcfax_setting_share_tooltip" : "使用您電腦作為從其他電腦的印表機伺服器時設定為[開啟]。",
   "setup_type_network_label" : "電腦與裝置經由網路連接時進行選擇。",
   "model_selection_method_ip" : "指定裝置IP位址",
   "progressdevices_and_drivers_settings" : "裝置與驅動程式設定",
   "select_model_in_web_package_for_usb_message" : "以USB連接線連接印表機與PC。或者，選擇一個裝置名稱。\\n進行選擇後按一下[下一步]。",
   "report_test_page_print_label" : "成功安裝的裝置：",
   "setup_type_message" : "請選擇裝置介面然後按一下[下一步]。\\n若您要在您的電腦上更新驅動程式，按一下[更新驅動程式]。",
   "license_agreement_message" : "要繼續安裝，您必須接受使用者授權合約的條款。\\n若您接受條款，按一下[同意並前往下一頁]來繼續安裝。",
   "status_monitor_setting_refresh_interval_seconds_value_tooltip" : "在1至99秒範圍內輸入資訊更新間隔時間。",
   "printer_setting_restore_default|pcfax_setting_restore_default" : "還原預設值",
   "printer_setting_port_tooltip|pcfax_setting_port_tooltip" : "設定要使用的裝置之IP位址。",
   "online_user_registration_*_message" : "按一下[線上使用者註冊]可使用線上使用者註冊。\\n經由執行線上使用者註冊，將會發行正式的保證書且可使用免費的保證服務。\\n我們建議您現在把握機會註冊。\\n注意按一下底下按鈕將自動將您連接至網際網路。",
   "status_monitor_setting_*_message_2" : "這讓您可檢查列印進度、錯誤顯示等。 \\n您也可取消列印並檢視詳細的使用者指南。",
   "label_update_fail_old_version" : "-已安裝的版本：",
   "label_update_success_new_version" : "-目前版本：",
   "select_software_type_to_install_*_use_printer_driver" : "印表機驅動程式",
   "PS_UD" : "PS Driver for Universal Print",
   "auto_recognition_waiting" : "正在等候連線...",
   "proxy_authentication_password_label" : "密碼：",
   "label_default_printer" : "-預設印表機：",
   "MainDialog" : "$driver_installer_______",
   "val_installed" : "已安裝",
   "cancel|*_cancel|proxy_authentication_negative_button" : "取消",
   "summury_usb_icon_already_installed" : "已新增裝置。",
   "summury_not_update" : "選擇了[不更新]。",
   "update_fail|summury_update_fail" : "驅動程式更新已失敗。",
   "select_model_in_orchestra_model_search_description" : "請輸入裝置名稱（數值）。即使部分裝置名稱也可執行搜尋。\\n請從搜尋結果選擇您正在使用的裝置。進行選擇後按一下[下一步]。",
   "printer_setting_printer_setting_description|pcfax_setting_printer_setting_description" : "可以變更印表機設定。",
   "device_property_title" : "打開印表機內容",
   "add_ipp_port_port_authentication_tooltip|add_ipp_port_pcfax_port_authentication_tooltip" : "如果需要IPP驗證則勾選方塊。",
   "status_monitor_setting_*_refresh_interval_group" : "重新整理間隔",
   "printer_setting_install_alternate_driver|pcfax_setting_install_alternate_driver" : "安裝額外的驅動程式",
   "license_agreement_next" : "同意並前往下一頁",
   "select_software_type_to_install_message" : "選擇要安裝的裝置驅動程式。",
   "select_driver_title" : "選擇驅動程式",
   "ok|*_ok|proxy_authentication_positive_button" : "確定",
   "printer_search_on_local_network_found_printers_column_printer|select_model_in_orchestra_for_network_model_select_list_column_model_name|select_model_in_orchestra_for_usb_model_select_list_column_model_name" : "裝置名稱",
   "PCL6_V4" : "PCL 6 V4 Driver",
   "add_port_port_type_label" : "可用的連接埠種類：",
   "automatic_recognition_error_details" : "檢查裝置的電源開關為開啟\\n以及已連接USB連接線。\\n若未辨識裝置，請拔除連接線，\\n按一下[重試]並重新連接。",
   "test_page_print_success_message" : "成功列印測試頁。",
   "common_confirm_update_programs" : "警告",
   "message_double_launch_notify_driver_update" : "目前正在檢查驅動程式更新。請稍後再試。",
   "server_is_not_supported_version" : "查看我們的網站。",
   "no|*_no" : "否",
   "select_to_install_orchestra_title" : "安裝$ricoh_device_software_manager___",
   "license_agreement_disagree" : "不同意",
   "message_service_not_running_error" : "無法啟動$driver_installer_______。\\n請在啟動$manager後重試。",
   "report_display_two_sided_printing_description" : "2 sided print is set as a default. To change to 1 sided print, press\\n[Check/Change Print Settings], and then change it.",
   "tag_install_fail_driver" : "[失敗安裝的驅動程式]",
   "next|*_next" : "下一步",
   "not_included_driver_for_64bit_system" : "已在64位元的作業系統上執行32位元的驅動程式安裝程式。\\n請執行64位元的安裝程式。",
   "summury_canceled" : "取消安裝。",
   "printer_setting_driver_name_label|pcfax_setting_driver_name_label" : "驅動程式名稱：",
   "test_page_print_close|open_document_property_error_close" : "關閉",
   "printer_search_on_local_network_start_searching" : "再次搜尋",
   "printer_setting_add_port|pcfax_setting_add_port" : "新增連接埠",
   "install_fail_at_alternative_driver|install_fail_at_pcfax_alternative_driver" : "額外的驅動程式安裝已失敗。",
   "setup_type_update_label" : "更新已安裝在您電腦上的驅動程式。",
   "usb_automatic_recognition_error" : "連接裝置",
   "proxy_authentication_save_information" : "記住我的認證",
   "not_supported_os_for_dom" : "找不到您OS支援的軟體。\\n請使用您的瀏覽器從下列URL下載您OS支援的軟體。\\nhttps://www.ricoh.co.jp/download/\\n\\n$ricoh_device_software_manager___已完成提供您OS的軟體。\\n關於RICOH產品的OS支援期間，請參考下列URL。\\nhttps://www.ricoh.co.jp/support/os/info/supportend_info.html",
   "status_monitor_setting_monitor_by_one_monitor_tooltip" : "使用一個監視器針對共用相同連接埠的印表機進行監視。\\n\\n「進度」指示器顯示成灰色，以及[停止列印]按鈕無法使用。",
   "PS" : "PostScript3 Driver",
   "progressdrivers_selection" : "選擇裝置驅動程式",
   "PCFAX_V4" : "Generic LAN Fax V4 Driver",
   "model_selection_method_message" : "請選擇搜尋方式並按一下[下一步]。",
   "report_complete" : "完成",
   "report_test_page_print_execution" : "列印測試頁",
   "printer_power_off_title" : "準備",
   "val_result_success" : "：成功",
   "printer_setting_setup_with_bidi_update_tooltip|select_driver_setup_with_bidi_update_tooltip|pcfax_setting_setup_with_bidi_update_tooltip" : "正確連接裝置時，安裝時將會自動設定裝置選購件、紙張尺寸/方向。",
   "update_title|update_other_driver_for_network_title|update_other_driver_for_usb_title" : "更新",
   "open_document_property_error_message" : "找不到[成功安裝的裝置]的驅動程式。",
   "wait_preparing" : "請稍候...",
   "ipp_port" : "IPP連接埠",
   "model_selection_method_other_pcfax_for_webpackage" : "手動輸入設定",
   "yes|*_yes" : "是",
   "failed_to_start_driver_web_installer_details" : "請執行驅動程式套件driver_web_installer目錄中的driver_web_installer.exe。",
   "DDST_V4" : "V4 Driver",
   "tag_install_fail_icon" : "[新增裝置失敗]",
   "custom_driver_installed" : "無法安裝選擇的驅動程式因為安裝了無法更新的自訂驅動程式。",
   "progressinstall" : "安裝",
   "label_update_fail_new_version" : "-最新版本：",
   "automatic_recognition_error_message" : "無法與裝置連接。",
   "device_property_message_2" : "1. 按一下[打開印表機內容]按鈕。\\n\\n\\n2. 會打開印表機驅動程式上的[配件]畫面。\\n\\n\\n3. 設定[選購件]上的裝置選項。\\n\\n\\n4. 如果您正在使用[Adobe Post Script選項]，\\n設定[Postscript]中的[Adobe Postscript]。\\n\\n\\n5. 設定完成之後按一下印表機驅動程式上的[確定]按鈕，\\n將會關閉[配件]畫面。\\n\\n\\n6. 按一下[下一步]按鈕。",
   "add_ipp_port_port_name_tooltip|add_ipp_port_pcfax_port_name_tooltip" : "IPP連接埠名稱格式必須為\\n[http://]或[https://] + 裝置IP位址或印表機名稱 + [/ipp]或[/printer]。\\nex) http://<裝置IP位址>/ipp\\nhttp://<印表機名稱>/printer",
   "summury_other_usb_icon_already_installed" : "由於印表機已由其他驅動程式建立，請刪除印表機並再試。",
   "label_shared_name" : "-共用名稱：",
   "status_monitor_setting_*_always_on_top" : "總是置頂",
   "message_admin_error" : "需要管理員權限以操作此應用程式。",
   "select_software_type_to_install_pcfax_driver_pdl_tooltip" : "使用LAN-Fax Generic Driver時，請選擇核取方塊來開啟設定。\\n\\n\\n備註：\\n裝置需要裝備選購件才能使用傳真功能。",
   "update_fail_partialy" : "一些驅動程式更新失敗。",
   "printer_search_with_ip_address_found_printers_column_printer" : "裝置名稱",
   "proxy_authentication_userid_label" : "使用者名稱：",
   "select_software_type_to_install_driver_pdl_tooltip" : "不需要進行任何變更除非要使用指定的驅動程式種類。\\n\\n注意：\\n取決於驅動程式種類，可能需要在裝置上安裝某些選購件。",
   "summury_update_fail_partialy" : "一些驅動程式更新失敗。\\n更新程序被中斷。",
   "add_ipp_port_port_authentication|add_ipp_port_pcfax_port_authentication" : "使用IPP驗證",
   "select_to_install_orchestra_message" : "輕鬆為Ricoh多功能事務機(MFP)與印表機安裝並更新最新驅動程式。\\n$ricoh_device_software_manager___會自動偵測位在您網路中\\n或透過USB連接到您PC上可套用的MFP和印表機。\\n\\n\\n$ricoh_device_software_manager___將會在驅動程式安裝程式已完成後安裝。\\n驅動程式套件中的檔案會用來進行安裝。\\n請勿刪除驅動程式套件中的檔案。",
   "summury_install_only_driver_success_by_error" : "新增裝置時發生錯誤。\\n請稍後再次將USB連接線連接至印表機。",
   "message_app_error" : "無法啟動$driver_installer_______。\\n請在啟動$manager後重試。",
   "not_support_driver_for_this_system" : "目前的作業系統不支援此驅動程式。\\n請安裝另外的驅動程式。",
   "install_for_network_title|install_for_usb_title" : "安裝",
   "canceled" : "已取消安裝。",
   "software_query_searching_installable_driver" : "正在搜尋可安裝的驅動程式。請稍候...",
   "select_update_printer_driver_updatable_printers_column_printer" : "印表機名稱",
   "printer_search_stopped" : "搜尋已停止。",
   "printer_search_completed" : "搜尋完成。",
   "software_query_confirming_pc_environment" : "正在確認電腦環境。請稍候...",
   "status_monitor_setting_*_display_setting_always_monitor" : "總是監視",
   "progresstype_selectionion" : "選擇安裝方式",
   "select_update_printer_driver_updatable_printers_column_old_version" : "已安裝的版本",
   "printer_search_with_ip_address_printer_search_status" : "正在搜尋...",
   "status_monitor_setting_*_display_setting_group" : "狀態監視器顯示設定",
   "select_model_in_orchestra_title|select_model_in_orchestra_for_usb_title" : "依裝置名稱搜尋",
   "val_no" : "關閉",
   "status_monitor_setting_*_display_setting_start_monitoring_when_printing" : "列印開始時開始監視",
   "printer_power_on_title" : "與裝置連線",
   "online_user_registration_*_open_online_user_registration_page" : "執行線上使用者註冊",
   "error_unknown_ipp_port" : "已指定未知的連接埠。",
   "report_reboot_later" : "否，稍候重新啟動",
   "status_monitor_setting_*_refresh_status_monitor" : "重新整理狀態監視器 (秒)：",
   "progressautomatic_recognition" : "自動辨識",
   "update_programs_message" : "需要更新$ricoh_device_software_manager___。",
   "PrinterSearchErrorDialog" : "網路連線錯誤",
   "auto_recognition_completed" : "連線已完成。",
   "report_result_details_label" : "報告：",
   "message_orchestra_installer_running_error" : "$device_software_manager_setup___________目前正在運行。\\n現在請關閉$device_software_manager_setup___________，然後重試。",
   "status_monitor_setting_*_always_display_icon" : "總是顯示圖示",
   "status_monitor_setting_*_display_setting_never_display" : "永不顯示狀態監視器",
   "select_software_type_to_install_driver_pdl_ddst_recomended" : "DDST Printer Driver (Recommended)",
   "test_page_print_success_details" : "請按一下$driver_installer_______的[關閉]。",
   "select_software_type_to_install_driver_pdl_pcl6_recomended" : "PCL6 Driver (Recommended)",
   "invalid_parameter_ipp_port_name_details" : "IPP連接埠名稱不正確。\\n檢查IPP連接埠名稱並再次輸入。\\nIPP連接埠名稱格式必須為\\n[http://]或[https://] + 裝置IP位址或\\n印表機名稱 + [/ipp]或[/printer]。",
   "install_completed" : "驅動程式安裝已完成。",
   "tag_install_success_driver" : "[成功安裝的驅動程式]",
   "tag_not_update_icon" : "[更新未處理的驅動程式]",
   "license_agreement_agree" : "同意",
   "proxy_authentication_first_message" : "Proxy伺服器為$proxysever。\\n請輸入使用者名稱與密碼。",
   "printer_search_with_ip_address_message_of_input_ip_address" : "請輸入裝置的IP位址並按一下[搜尋]。\\n關於檢查裝置IP位址的方式，請參考使用者指南。",
   "printer_search_on_local_network_found_printers_column_ipaddress" : "IP位址",
   "common_network_error" : "錯誤",
   "add_port_message" : "選擇要新增的連接埠種類。",
   "printer_setting_user_code_label|pcfax_setting_user_code_label" : "使用者代碼：",
   "service_unavailable" : "伺服器因為維護目前無法使用。",
   "proxy_authentication_second_message" : "Proxy驗證已失敗。\\n輸入正確的使用者名稱與密碼。",
   "printer_power_on_attention" : "注意：\\n裝置偵測連接的USB連接線可能需要一些時間。\\n若顯示作業系統安裝畫面時，請將其關閉並按一下[取消連線]並重新安裝。",
   "printer_search_error_message" : "無法找到連接至網路的裝置。請檢查下列。",
   "printer_power_on_cancel" : "取消連線",
   "printer_power_on_step1_description" : "請將USB連接線插入裝置。",
   "failed_to_start_driver_web_installer_message" : "$ricoh_device_software_manager___啟動失敗。",
   "RPCS_BASIC_COLOR" : "RPCS Basic Driver (Color)",
   "test_page_print_icon_not_exist_details" : "驅動程式的安裝可能失敗。\\n請重新安裝驅動程式。",
   "check_update_completed" : "完成。",
   "cancel_message" : "您確定要取消安裝？",
   "tag_install_result" : "[安裝結果]",
   "update_updating" : "正在更新驅動程式...",
   "label_comment" : "-註解：",
   "message_error_title|network_invalid_parameter|common_failed_to_start_driver_web_installer|common_failed_to_open_html" : "錯誤",
   "report_reboot_now" : "是，現在重新啟動",
   "printer_setting_printer_name_label|pcfax_setting_printer_name_label" : "印表機名稱：",
   "model_selection_method_other" : "指定裝置名稱",
   "setup_type_network" : "網路",
   "status_monitor_setting_*_notify_cartridge_replacement" : "通知卡匣更換",
   "select_update_printer_driver_updatable_printers_column_comment" : "註解",
   "network_error_details" : "無法與伺服器連接。\\n原因如下。\\n- 伺服器因為維護目前無法使用\\n- 電腦未正確連接至網路\\n- Proxy設定不正確",
   "add_ipp_port_message|add_ipp_port_pcfax_message" : "IPP連接埠名稱：",
   "printer_search_on_local_network_title" : "選擇裝置",
   "select_software_type_to_install_driver_pdl_enable_v4_tooltip" : "除非要使用特定種類的驅動程式，否則不需要進行變更。\\n\\nV4PrinterDriver：\\n V4PrinterDriver是一個在Windows是急應用程式上列印的理想印表機驅動程式。\\n\\n\\n備註：\\n視驅動程式種類而定，可能需要在裝置上安裝某個選購件。"
}
