{
   "*_license_text" : "\n软件许可协议\n\n----您作为本软件，包括其任何未来发布的版本、修订版、更新或功能增强版本（统称为“本软件”）的最终用户，应根据本协议（“本协议”）的条款使用本软件。\n您一旦安装或使用本软件，或点击“同意”按钮，即表示您同意受本协议条款的约束。如果您不接受本协议的条款，则请勿在任何计算机上安装本软件。\n\n\n1.许可的授予\n您获许在与本软件一起打包的设备或本软件的供应商或本公司指定的设备（以下简称“设备”）上使用本软件。您还可以在允许以电子方式与设备连接的任何计算机上使用本软件。但您不得出租或出借本软件，或将您在本许可项下的权利转让给任何第三方。\n\n2.有效期\n本协议项下的本软件许可使用权在其被终止之前一直有效。如果您未能遵守本协议的条款，本协议项下的本软件许可使用权将终止。您同意，本软件的许可使用权一旦终止，您将销毁本软件的所有拷贝及其随附文档。 \n\n3.本软件的所有权 \n您仅拥有本软件交付时使用的任何磁性介质（如有）的所有权。本公司或本公司的许可人保留本软件所含的权利、所有权和权益是本协议的一项明确条件。\n\n4.复制\n您不得复制本软件，也不得促使任何人复制本软件，除非在获许使用本软件的前提下有必要复制本软件，或为了操作安全之目的复制本软件。任何该类拷贝均受本协议条件的约束。\n您不得对本软件或与其相关的文档的全部或任何部分进行修改、改写、合并、翻译、逆向工程、反编译和反汇编，也不得根据本软件或与其相关的文档的全部或任何部分创建任何衍生作品。\n如果您有任何侵犯本软件或其随附文档的版权、或擅自转让、复制或使用本软件或其随附文档的行为，您可能被追究法律责任。\n\n5.未来发布的版本\n您承认并同意，可以在您的计算机上自动安装本软件未来发布的任何版本、修订版、更新或功能增强版本。\n\n6.第三方程序\n您承认，本软件可能包含第三方拥有的、或根据一个或多个开放源软件许可授予的软件程序、代码或资料库（“第三方程序”）。在使用该等第三方程序时，您应遵守本公司向您提供的、与本软件有关的附加条款和条件（可以在安装文本文件或下载介质中找到）。只有在适用的法律明确允许且不存在依据合同弃权的可能性，或第三方程序的许可条款有规定时，本公司才放弃根据本协议第4条禁止逆向工程或反编译，但是仅出于适用的许可或法律规定的有限目的，并且不得创建实质上与本协议项下的软件类似的任何软件。尽管本协议中有任何相反规定，但是，所有第三方程序均由本公司按“原状”提供，公司对其没有提供任何支持，也没有作出任何形式的明示或默示保证。\n\n7.用户信息\n您同意通过本软件收集与您的复印机、打印机、多功能设备和计算机有关的信息，并将该等信息传输至您的设备所在国境外的本公司远程服务器。该等信息包括但不限于（列举如下）：（1）任何联网输出设备的标识（如品牌、型号和序列号）及任何与您的计算机相关的信息（如操作系统的名称及其版本）；（2）设备的用法、计量和诊断信息（如打印页数、错误代码等）；（3）许可证合规性验证信息。本软件无法且不会用于收集文件内容或关于您的个人身份信息。本公司也可以为其正常业务（包括但不限于产品研发和市场营销）目的使用该等信息，但前提是该等信息是以不能识别您的身份的匿名方式收集的。\n\n8.质量保证限制\n对材料和工艺缺陷，提供的介质（如有）质量保证仅适用于最初购买者，而没有提供对该介质包含的软件的质量保证，而且从设备最初购买日期算起，该介质的保修期为一年。当您采用预付邮资的方式将该有缺陷的介质连同购买收据的复印件邮寄给供应商后，供应商应当为您换货。\n上述权利是您可以获得的唯一救济，无论是基于合同、侵权或其他原由。在任何情况下，对于因本软件或使用本软件或不能使用本软件而引起的任何损害（包括信息丢失、利润损失、存款损失或业务中断，或其他直接、间接、或有、衍生性或特殊损害），本公司或供应商、本软件的所有者或其许可人均不承担责任。\n\n9.出口管制法\n您承认，本软件的出口受美国和其他国家的出口管制法律的管辖，而且，您同意遵守所有该等出口管制法律。\n\n10.法律适用与司法管辖权\n如果本协议的任何条款或部分被认定为非法、无效或不可执行，本协议的其余条款仍然具有十足的效力。 \n本协议受哪国法律管辖以及哪国法院对本协议具有司法管辖权将取决于您购买或取得本软件的地点，具体如下： \n（a）如果您在美国购买或取得本软件，本协议应被视为根据美国纽约州法律制定，但排除法律选择和法律冲突规定；针对本公司的任何权利主张，仅可以在纽约州法院行使或提出异议， \n（b）如果您在欧洲、中东或非洲购买或取得本软件，本协议应被视为根据英格兰法律制定，但排除法律选择和法律冲突规定；针对本公司的任何权利主张，仅可以在英格兰法院行使或提出异议，或 \n（c）如果您在以上（a）和（b）所述之外的地区购买或取得本软件，本协议应被视为根据日本法律制定，但排除法律选择和法律冲突规定；针对本公司的任何权利主张，仅可以在日本东京法院行使或提出异议。 \n\n在当地法律允许的范围内，双方放弃陪审团审判的权利。",
   "status_monitor_setting_*_message_1" : "选择如何显示状态监控器。",
   "usb_connect_later_confirmation_message" : "您要取消连接吗？",
   "label_user_code" : "-用户代码：",
   "printer_search_with_ip_address_ip_address_label" : "IP地址：",
   "label_shared" : "-共享打印机：",
   "update_fail" : "打印机驱动程序更新失败。",
   "printer_power_off_step2_description" : "请关闭设备。",
   "shared_printer_port" : "网络打印机",
   "active_prining_job_exist" : "存在当前正在打印的作业。打印完成后开始安装。",
   "setup_type_usb_label" : "PC和设备通过USB线缆直接连接时，进行选择。\\n提示时，再将PC连接至设备。",
   "label_update_success_old_version" : "-先前版本：",
   "select_software_type_to_install_title" : "选择设备驱动程序",
   "printer_power_on_step2_description" : "请打开设备。",
   "download_get_driver" : "正在获取驱动程序文件...",
   "printer_search_error_step3_description" : "检查设备的IP地址。\\n\\n从设备的[系统设置列表]获取IP地址。\\n有关更多信息，请查看“用户指南”。",
   "printer_setting_restore_default" : "恢复默认值",
   "download_download_progress" : "$filename($downloadedfilesize MB/$filesize MB)",
   "summury_update_success" : "打印机驱动程序更新已成功。",
   "progressinstall_update" : "安装/更新",
   "back|*_back" : "上一步",
   "printer_power_off_step1_description" : "请从设备拔下USB线缆。",
   "printer_search_searching" : "正在搜索...",
   "summury_install_fail_at_alternative_driver" : "成功添加设备。\\n附加驱动程序安装失败。",
   "printer_setting_share" : "共享此打印机",
   "invalid_parameter_already_used_printer_icon_name_details" : "输入其他打印机名。",
   "auto_recognition_connecting" : "正在连接...",
   "printer_setting_title" : "打印机首选项",
   "progresstitle" : "安装步骤",
   "summury_installed_latest_driver" : "所有安装的打印机驱动程序均为最新版本。",
   "select_model_in_orchestra_model_select_list_label" : "搜索结果：",
   "check_update_update_printer_list" : "正在更新程序...",
   "summury_install_only_driver_success_by_skip" : "程序结束后，会自动添加通过USB线缆连接至产品的设备。",
   "printer_search_error_step1_description" : "将设备电源开关推至[开]。",
   "select_software_type_to_install_driver_pdl_ddst" : "DDST Printer Driver",
   "check_update_check" : "正在检查更新...",
   "shared_printer_port_msg" : "选择要添加的网络打印机。",
   "tag_install_success_icon" : "[成功添加设备]",
   "network_error_message" : "无法连接服务器。",
   "select_software_type_to_install_driver_pdl_ps3" : "PostScript3 Driver",
   "status_monitor_setting_*_start_monitoring_when_pc_starts" : "PC启动时开始状态监控",
   "printer_search_with_ip_address_found_printers_column_ipaddress" : "IP地址",
   "not_included_driver_for_32bit_system" : "64位的驱动安装程序已在32位的操作系统上执行。\\n请运行32位的安装程序。",
   "progressfinish" : "完成",
   "printer_search_on_local_network_recommended_settings_tooltip|printer_search_with_ip_address_recommended_settings_tooltip" : "更改在您计算机上显示的设备名或更改共享设置时，设置为[开]。",
   "proxy_authentication_dialog" : "需要代理验证",
   "label_version" : "-版本：",
   "software_query_progress_for_network_title|software_query_progress_for_usb_title" : "正在搜索",
   "message_hdd_error" : "硬盘上没有可用空间。",
   "usb_icon_already_installed|other_usb_icon_already_installed|not_found_driver|no_updatable_driver|not_update|installed_latest_driver" : "安装已完成。",
   "check_driver_update_completed|wait_completed" : "已完成。",
   "printer_setting_driver_name_label" : "驱动程序名：",
   "progressdevices_state_check" : "准备",
   "printer_search_error_step2_description" : "将局域网线缆连接至设备。",
   "select_update_printer_driver_update" : "更新",
   "printer_setting_shared_printer_name_label" : "共享名：",
   "message_double_launch" : "$driver_installer_______已运行。",
   "summury_install_success|summury_install_success_for_usb" : "成功添加设备。",
   "usb_connect_later_confirmation_details" : "连接取消时，无法将设备添加至计算机。\\n您确定要取消连接停止安装吗？\\n\\n安装停止后，将设备电源开关推至[开]，\\n然后连接USB线缆，将添加设备，打印可用。",
   "status_monitor_setting_*_title" : "状态监控器",
   "online_user_registration_*_message_of_support_information" : "注册时需要输入[产品名]和[序列号]/[型号]。\\n单击按钮前，请确保产品随附的授权(临时)可用。",
   "select_update_printer_driver_updatable_printers_column_new_version" : "最新版本",
   "recommended_settings" : "手动输入设置",
   "check_updatable_software_progress_title" : "更新",
   "setup_type_usb" : "USB",
   "printer_search_with_ip_address_start_searching" : "搜索",
   "retry|*_retry" : "重试",
   "select_model_in_web_package_message" : "请选择要使用的设备，然后单击[下一步]。",
   "label_port_name" : "-端口名：",
   "printer_search_on_local_network_stop_searching" : "停止",
   "select_software_type_to_install_driver_pdl_rpcs_recomended" : "RPCS Driver (Recommended)",
   "invalid_driver" : "此为无效的打印机驱动程序。",
   "model_selection_method_other_label" : "按设备名选择。",
   "select_driver_default_printer" : "设置为默认打印机",
   "automatic_recognition_error_connect_later" : "取消连接。",
   "confirm_update_programs_details" : "更新至最新的$ricoh_device_software_manager___以使用\\n$ricoh_device_software_manager___。",
   "cant_start_spooler|message_cant_start_spooler" : "无法启动打印假脱机服务。启动打印假脱机服务后开始安装。",
   "summury_not_found_driver" : "无法发现指定打印机驱动程序。",
   "update_programs_details" : "要使用$driver_installer_______，\\n需要更新至最新版本。\\n更新$ricoh_device_software_manager___后，\\n重启$driver_installer_______继续设置。\\n您要执行更新吗？",
   "invalid_parameter_empty_share_printer_name_message" : "共享名为空。",
   "printer_search_on_local_network_found_printers_column_comment" : "备注",
   "model_selection_method_ip_label" : "按IP地址搜索。",
   "tag_update_success_icon" : "[成功更新打印机驱动程序]",
   "select_model_in_web_package_driver_list_label" : "设备名：",
   "usb_connect_later_confirmation" : "取消连接",
   "printer_setting_attention" : "：需要输入字段。",
   "error" : "发生错误。",
   "message_warning_title" : "警告",
   "device_property_message" : "请在以下步骤中设置[附件]。",
   "install_fail_at_alternative_driver" : "附加驱动程序安装失败。",
   "printer_setting_port_label" : "端口名：",
   "online_user_registration_*_title" : "在线用户注册",
   "AddPortDialog" : "添加端口",
   "printer_setting_comment_label" : "备注：",
   "status_monitor_setting_*_monitor_by_one_monitor" : "通过一个监控器使用同一端口监控打印机",
   "printer_search_with_ip_address_found_printers_column_comment" : "备注",
   "install_only_driver_success_by_skip|install_only_driver_success_by_error" : "打印机驱动程序安装已成功。",
   "tag_custom_driver" : "[自定义驱动程序]",
   "printer_setting_printer_name_tooltip" : "输入在您计算机上显示的设备名。",
   "label_driver_name" : "-打印机驱动程序：",
   "select_software_type_to_install_driver_pdl_label" : "驱动程序类型：",
   "val_yes" : "开",
   "download_uncompressing_file" : "正在提取文件...",
   "printer_search_on_local_network_message" : "从列表选择要使用的设备，然后单击[下一步]。\\n指定设备IP地址时，单击[如果您无法发现设备请单击]。",
   "select_update_printer_driver_title" : "选择驱动程序",
   "install_instaling" : "正在安装驱动程序...",
   "setup_type_update" : "更新驱动程序",
   "printer_setting_install_alternate_driver" : "安装附加驱动程序",
   "printer_setting_add_port" : "添加端口",
   "device_property_open_device_property" : "打开打印机属性",
   "select_software_type_to_install_use_scanner_driver" : "扫描仪驱动程序",
   "printer_power_off_message" : "安装驱动程序前，请执行以下步骤。",
   "printer_power_on_message" : "请按照以下步骤连接设备。",
   "select_model_in_orchestra_model_search_input_label" : "设备名：",
   "select_driver_driver_name_label" : "驱动程序类型：",
   "printer_search_with_ip_address_title" : "通过IP地址搜索",
   "select_update_printer_driver_not_update" : "不更新",
   "progressupdate" : "更新",
   "common_cancel|common_update_programs|cancel_dialog" : "确认",
   "unspecified_error" : "发生未知错误。",
   "status_monitor_setting_*_restore_default" : "恢复默认值",
   "printer_setting_user_code_label" : "用户代码：",
   "tag_update_fail_icon" : "[打印机驱动程序更新失败]",
   "printer_setting_advanced_settings" : "高级设置",
   "printer_setting_setup_with_bidi_update|select_driver_setup_with_bidi_update" : "连接设备并进行设备选项设置",
   "select_model_in_orchestra_for_network_model_search_input_hint|select_model_in_orchestra_for_usb_model_search_input_hint" : "输入设备名。例，2503",
   "progresseula|license_agreement_title" : "终端用户许可协议",
   "check_update_title" : "检查最新版本",
   "select_software_type_to_install_driver_pdl_pcl6" : "PCL6 Driver",
   "report_reboot_timing_label" : "您必须重启您的计算机完成安装。\\n程序结束后您要立即重启计算机吗？",
   "setup_type_title" : "选择安装方式",
   "select_driver_message" : "选择要安装的驱动程序。",
   "printer_search_with_ip_address_stop_searching" : "停止",
   "status_monitor_setting_*_only_when_error_occur" : "仅在错误发生时",
   "val_not_installed" : "未安装",
   "status_monitor_setting_display_setting_tooltip" : "打印开始时开始监控：\\n打印开始时自动显示状态监控器。打印结束时，自动关闭。\\n\\n总是监控：\\n如果选择此项，则开始打印或在[维护]选项卡上单击[显示状态监控器]开始状态监控，图标出现在任务纸盘上，状态监控器连续监控。\\n\\n从不显示状态监控器：\\n单击可在打印时不自动开始状态监控。",
   "progressdevices_settings" : "打印机首选项",
   "select_update_printer_driver_updatable_printers_label" : "可更新的打印机：",
   "update_completed" : "驱动程序更新已完成。",
   "summury_no_updatable_driver" : "没有可更新的打印机驱动程序。",
   "confirm_update_programs_message" : "需要更新\\n$ricoh_device_software_manager___。",
   "tag_using_icon" : "[打印机正在使用中]",
   "select_software_type_to_install_driver_pdl_rpcs_r_recomended" : "RPCS Raster Driver (Recommended)",
   "invalid_parameter_already_used_share_printer_name_details|invalid_parameter_empty_share_printer_name_details" : "输入其他共享名。",
   "check_driver_update_check" : "正在检查更新...",
   "select_update_printer_driver_message" : "为以下列表上的打印机选择[更新]或[不更新]，然后单击[下一步]。",
   "report_title" : "完成",
   "label_alternate_driver" : "-添加的驱动程序：",
   "invalid_parameter_already_used_printer_icon_name_message|invalid_parameter_already_used_share_printer_name_message" : "已被用作打印机名或共享名。",
   "model_selection_method_title" : "选择搜索方式",
   "printer_search_on_local_network_other_method" : "如果您无法发现设备请单击",
   "progressdevices_selection" : "选择设备",
   "setup_type_network_label" : "PC和设备通过网络进行连接时，进行选择。",
   "model_selection_method_ip" : "指定设备IP地址",
   "progressdevices_and_drivers_settings" : "设备和驱动程序设置",
   "setup_type_message" : "请选择设备接口，然后单击[下一步]。\\n如果您要更新计算机上的驱动程序，单击[更新驱动程序]。",
   "license_agreement_message" : "要继续安装，您必须接受终端用户许可协议的条款。\\n如果您接受条款，单击[同意]继续安装。",
   "status_monitor_setting_refresh_interval_seconds_value_tooltip" : "在1-99秒的范围内输入信息更新间隔时间。",
   "online_user_registration_*_message" : "通过单击[在线用户注册]，在线用户注册可用。\\n通过执行在线用户注册，将发布官方授权，且免费授权服务可用。\\n我们建议您借此机会，立即注册。\\n请注意，单击以下按钮时，您将自动接入互联网。",
   "status_monitor_setting_*_message_2" : "这可使您检查打印进程，错误显示等。 \\n您也可取消打印，查看详细的用户指南。",
   "label_update_fail_old_version" : "-安装的版本：",
   "label_update_success_new_version" : "-当前版本：",
   "select_software_type_to_install_*_use_printer_driver" : "打印机驱动程序",
   "printer_setting_install_alternate_driver_tooltip" : "将您的计算机作为打印服务器使用时，不同位数OS的其他计算机均可使用。",
   "auto_recognition_waiting" : "正在等待连接...",
   "proxy_authentication_password_label" : "密码：",
   "label_default_printer" : "-默认打印机：",
   "MainDialog" : "$driver_installer_______",
   "select_model_in_web_package_title" : "选择设备",
   "val_installed" : "已安装",
   "cancel|*_cancel|proxy_authentication_negative_button" : "取消",
   "summury_usb_icon_already_installed" : "已添加设备。",
   "summury_not_update" : "选择了[不更新]。",
   "select_model_in_orchestra_model_search_description" : "请输入设备名。即使仅可搜索部分名称。\\n请从您正在使用的设备的搜索结果中选择。",
   "device_property_title" : "打开打印机属性",
   "status_monitor_setting_*_refresh_interval_group" : "刷新间隔",
   "select_software_type_to_install_message" : "选择要安装的设备驱动程序。",
   "select_driver_title" : "选择驱动程序",
   "ok|*_ok|proxy_authentication_positive_button" : "确定",
   "printer_search_on_local_network_found_printers_column_printer|select_model_in_orchestra_for_network_model_select_list_column_model_name|select_model_in_orchestra_for_usb_model_select_list_column_model_name" : "设备名",
   "add_port_port_type_label" : "可用的端口类型：",
   "automatic_recognition_error_details" : "检查设备电源开关已开，\\n已连接USB线缆。\\n如果无法识别设备，断开线缆，\\n单击[重试]，然后再次连接。",
   "common_confirm_update_programs" : "警告",
   "server_is_not_supported_version" : "查看我们的网站。",
   "no|*_no" : "否",
   "license_agreement_disagree" : "不同意",
   "message_service_not_running_error" : "无法启动$driver_installer_______。\\n启动$manager后，再次尝试。",
   "tag_install_fail_driver" : "[打印机驱动程序安装失败]",
   "next|*_next" : "下一步",
   "not_included_driver_for_64bit_system" : "32位的驱动安装程序已在64位的操作系统上执行。\\n请运行64位的安装程序。",
   "summury_canceled" : "安装已取消。",
   "printer_setting_share_tooltip" : "从其他计算机使用您的计算机作为打印服务器时，设置为[开]。",
   "printer_search_on_local_network_start_searching" : "再次搜索",
   "setup_type_update_label" : "更新安装在您计算机上的驱动程序。",
   "usb_automatic_recognition_error" : "连接设备",
   "proxy_authentication_save_information" : "记住我的证书",
   "status_monitor_setting_monitor_by_one_monitor_tooltip" : "使用一个监控器共享同一端口监控打印机。\\n\\n“处理”指示灯变暗，则[停止打印]按钮不可用。",
   "select_software_type_to_install_use_pcfax_driver" : "局域网传真驱动程序",
   "progressdrivers_selection" : "选择设备驱动程序",
   "model_selection_method_message" : "请选择搜索方式，然后单击[下一步]。",
   "report_complete" : "完成",
   "printer_power_off_title" : "准备",
   "update_title|update_other_driver_for_network_title|update_other_driver_for_usb_title" : "更新",
   "wait_preparing" : "请稍候...",
   "printer_setting_shared_printer_name_tooltip" : "输入将在其他计算机上显示的设备名。",
   "printer_setting_port_tooltip" : "设置要使用的设备的IP地址。",
   "yes|*_yes" : "是",
   "printer_setting_driver_name_tooltip|select_driver_driver_name_tooltip" : "选择要使用的设备。",
   "custom_driver_installed" : "无法安装所选打印机驱动程序，因为安装了非可更新的自定义驱动程序。",
   "tag_install_fail_icon" : "[添加设备失败]",
   "printer_setting_user_code_tooltip" : "不使用用户代码时，字段留空。\\n\\n用户代码用于计数每个用户或群组的打印机功能的使用情况。",
   "progressinstall" : "安装",
   "label_update_fail_new_version" : "-最新版本：",
   "device_property_message_2" : "1. 单击[打开打印机属性]按钮。\\n\\n\\n2. 打开打印机驱动程序上的[附件]屏幕。\\n\\n\\n3. 在[选购配备]上设置设备选件。\\n\\n\\n4. 如果您正在使用[Adobe Post Script选项]，\\n在[Postscript]中设置[Adobe Postscript]。\\n\\n\\n5. 设置完成后单击打印机驱动程序上的[确定]按钮\\n，将关闭[附件]屏幕。\\n\\n\\n6. 单击[下一步]按钮。",
   "automatic_recognition_error_message" : "无法连接设备。",
   "select_model_in_orchestra_title" : "通过设备名搜索",
   "summury_other_usb_icon_already_installed" : "由于其它驱动程序已创建打印机，请删除打印机然后再次尝试。",
   "install_success" : "成功添加设备。",
   "label_shared_name" : "-共享名：",
   "status_monitor_setting_*_always_on_top" : "总是在顶部",
   "message_admin_error" : "操作此应用程序需要管理员权限。",
   "update_fail_partialy" : "部分打印机驱动程序更新失败。",
   "printer_search_with_ip_address_found_printers_column_printer" : "设备名",
   "proxy_authentication_userid_label" : "用户名：",
   "select_software_type_to_install_driver_pdl_rpcs" : "RPCS Driver",
   "summury_update_fail_partialy" : "部分打印机驱动程序更新失败。\\n更新过程已中断。",
   "select_software_type_to_install_driver_pdl_tooltip" : "除非使用特定类型的驱动程序，否则无需进行任何更改。\\n\\n注：\\n根据驱动程序类型不同，可能需要在设备上安装某些选件。",
   "summury_install_only_driver_success_by_error" : "添加设备时发生错误。\\n稍后请再次连接USB线缆至打印机。",
   "install_for_network_title|install_for_usb_title" : "安装",
   "message_app_error" : "无法启动$driver_installer_______。\\n启动$manager后，再次尝试。",
   "select_update_printer_driver_updatable_printers_column_printer" : "打印机名",
   "canceled" : "安装已取消。",
   "software_query_searching_installable_driver" : "正在搜索可安装的驱动程序。请稍候...",
   "printer_search_stopped" : "搜索已停止。",
   "printer_search_completed" : "搜索完成。",
   "software_query_confirming_pc_environment" : "正在确认PC环境。请稍候...",
   "status_monitor_setting_*_display_setting_always_monitor" : "总是监控",
   "select_update_printer_driver_updatable_printers_column_old_version" : "安装的版本",
   "progresstype_selectionion" : "选择安装方式",
   "install_fail" : "添加设备失败。",
   "printer_search_with_ip_address_printer_search_status" : "正在搜索...",
   "status_monitor_setting_*_display_setting_group" : "状态监控器显示设置",
   "online_user_registration_*_open_online_user_registration_page" : "执行在线用户注册",
   "printer_power_on_title" : "连接设备",
   "val_no" : "关",
   "status_monitor_setting_*_display_setting_start_monitoring_when_printing" : "打印开始时开始监控",
   "printer_setting_default_printer" : "设置为默认打印机",
   "report_reboot_later" : "不，稍候重启",
   "status_monitor_setting_*_refresh_status_monitor" : "刷新状态监控器(秒)：",
   "progressautomatic_recognition" : "自动识别",
   "printer_setting_printer_setting_description" : "可更改打印机设置。",
   "update_programs_message" : "需要更新$ricoh_device_software_manager___ 。",
   "PrinterSearchErrorDialog" : "网络连接错误",
   "auto_recognition_completed" : "连接已完成。",
   "report_result_details_label" : "报告：",
   "message_orchestra_installer_running_error" : "$device_software_manager_setup___________当前正在运行。\\n请现在关闭$device_software_manager_setup___________，然后再次尝试。",
   "status_monitor_setting_*_always_display_icon" : "总是显示图标",
   "status_monitor_setting_*_display_setting_never_display" : "从不显示状态监控器",
   "select_software_type_to_install_driver_pdl_ddst_recomended" : "DDST Printer Driver (Recommended)",
   "select_software_type_to_install_driver_pdl_pcl6_recomended" : "PCL6 Driver (Recommended)",
   "install_completed" : "驱动程序安装已完成。",
   "tag_install_success_driver" : "[成功安装打印机驱动程序]",
   "tag_not_update_icon" : "[更新未处理的打印机驱动程序]",
   "license_agreement_agree" : "同意",
   "proxy_authentication_first_message" : "代理服务器$proxysever。\\n请输入用户名和密码。",
   "printer_search_with_ip_address_message_of_input_ip_address" : "请输入设备IP地址，然后单击[搜索]。\\n有关如何查看设备IP地址，请参见“用户指南”。",
   "printer_setting_default_printer_tooltip|select_driver_default_printer_tooltip" : "从应用程序打印时，将会优先。",
   "message_error_title|network_invalid_parameter" : "错误",
   "update_success" : "打印机驱动程序更新已成功。",
   "printer_search_on_local_network_found_printers_column_ipaddress" : "IP地址",
   "common_network_error" : "错误",
   "add_port_message" : "选择要添加的端口类型。",
   "service_unavailable" : "由于维护，服务器当前不可用。",
   "proxy_authentication_second_message" : "代理验证失败。\\n输入正确的用户名和密码。",
   "printer_power_on_attention" : "注：\\n设备可能花费一些时间检测连接的USB线缆。\\n如果显示OS的安装屏幕，请将其关闭，单击[取消连接]，然后重新安装。",
   "printer_search_error_message" : "无法找到连接至网络的设备。请检查以下内容。",
   "printer_power_on_cancel" : "取消连接",
   "printer_setting_setup_with_bidi_update_tooltip|select_driver_setup_with_bidi_update_tooltip" : "正确连接设备时，设备的选件、设置的纸张尺寸/方向将会在安装时自动设置。",
   "printer_power_on_step1_description" : "请将USB线缆插入设备。",
   "check_update_completed" : "已完成。",
   "cancel_message" : "您确定要取消安装吗？",
   "update_updating" : "正在更新驱动程序...",
   "label_comment" : "-备注：",
   "printer_setting_printer_name_label" : "打印机名：",
   "printer_setting_comment_tooltip" : "您要设置正在使用的设备的备注时，更改此项。",
   "report_reboot_now" : "是，现在重启",
   "select_software_type_to_install_driver_pdl_rpcs_r" : "RPCS Raster Driver",
   "model_selection_method_other" : "指定设备名",
   "setup_type_network" : "网络",
   "status_monitor_setting_*_notify_cartridge_replacement" : "通知更换碳粉盒",
   "select_update_printer_driver_updatable_printers_column_comment" : "备注",
   "network_error_details" : "无法连接服务器。\\n以下为原因。\\n- 由于维护服务器当前不可用\\n- PC未正确连接至网络\\n- 代理设置不正确",
   "printer_search_on_local_network_title" : "选择设备"
}
