<!--
;=====================================================================
; Copyright CANON INC. 1999
; SNMPDiscovery.xml
;=====================================================================
-->
<discovery xmlns="urn:cissnmpdiscovery">
	<broadcastType>eLimitedBroadcast</broadcastType>
	<methodList onlyMatching="true">
		<method mibType="Canon MIB">
			<OIDList>
				<interpreterDesc multiLevel="true">.1.3.6.1.2.1.43.15.1.1.5</interpreterDesc>
				<PDLType multiLevel="true">.1.3.6.1.2.1.43.15.1.1.2</PDLType>
				<suppliesType multiLevel="true">.1.3.6.1.2.1.43.11.1.1.5</suppliesType>
				<devTypeOID>.1.3.6.1.4.1.1602.1.1.1.1.0</devTypeOID>
				<devNameOID>.1.3.6.1.4.1.1602.1.1.1.2.0</devNameOID>
				<macAddrOID hexEncoded="true">.1.3.6.1.2.1.2.2.1.6.1</macAddrOID>
				<sysDescOID>.1.3.6.1.2.1.1.1.0</sysDescOID>
			</OIDList>
			<deviceList>
 				<device name="Not Support">
					<matchingTypeStrs name="devTypeOID">
						<TypeStr value="Canon D570"/>
					</matchingTypeStrs>
				</device>

				<device name="Not Support">
					<matchingTypeStrs name="devTypeOID">
						<TypeStr value="Canon iR2002/2202"/>
					</matchingTypeStrs>
				</device>

				<device name="Not Support">
					<matchingTypeStrs name="devTypeOID">
						<TypeStr value="Canon iR2004/2204"/>
					</matchingTypeStrs>
				</device>

				<device name="Not Support">
					<matchingTypeStrs name="devTypeOID">
						<TypeStr value="Canon LBP151"/>
					</matchingTypeStrs>
				</device>

				<device name="Not Support">
					<matchingTypeStrs name="devTypeOID">
						<TypeStr value="Canon MF230 Series"/>
					</matchingTypeStrs>
				</device>

				<device name="Not Support">
					<matchingTypeStrs name="devTypeOID">
						<TypeStr value="Canon MF240 Series"/>
					</matchingTypeStrs>
				</device>

				<device name="Not Support">
					<matchingTypeStrs name="devTypeOID">
						<TypeStr value="imageRUNNER1133 series"/>
					</matchingTypeStrs>
				</device>

				<device name="Not Support">
					<matchingTypeStrs name="devTypeOID">
						<TypeStr value="iR C1028"/>
						<TypeStr value="iR C1030"/>
					</matchingTypeStrs>
				</device>

				<device name="Not Support">
					<matchingTypeStrs name="devTypeOID">
						<TypeStr value="iR1435"/>
						<TypeStr value="iR1435P"/>
					</matchingTypeStrs>
				</device>

				<device name="Not Support">
					<matchingTypeStrs name="devTypeOID">
						<TypeStr value="iR1730"/>
						<TypeStr value="iR1740"/>
						<TypeStr value="iR1750"/>
					</matchingTypeStrs>
				</device>

				<device name="Not Support">
					<matchingTypeStrs name="devTypeOID">
						<TypeStr value="iR2318"/>
						<TypeStr value="iR2320"/>
					</matchingTypeStrs>
				</device>

				<device name="Not Support">
					<matchingTypeStrs name="devTypeOID">
						<TypeStr value="iR2420"/>
					</matchingTypeStrs>
				</device>

				<device name="Not Support">
					<matchingTypeStrs name="devTypeOID">
						<TypeStr value="iR2422"/>
					</matchingTypeStrs>
				</device>

				<device name="Not Support">
					<matchingTypeStrs name="devTypeOID">
						<TypeStr value="iR2520"/>
					</matchingTypeStrs>
				</device>

				<device name="Not Support">
					<matchingTypeStrs name="devTypeOID">
						<TypeStr value="iR2525"/>
						<TypeStr value="iR2530"/>
					</matchingTypeStrs>
				</device>

				<device name="Not Support">
					<matchingTypeStrs name="devTypeOID">
						<TypeStr value="iR2535"/>
						<TypeStr value="iR2545"/>
					</matchingTypeStrs>
				</device>

				<device name="Not Support">
					<matchingTypeStrs name="devTypeOID">
						<TypeStr value="LBP251 CARPS2"/>
					</matchingTypeStrs>
				</device>

				<device name="Not Support">
					<matchingTypeStrs name="devTypeOID">
						<TypeStr value="LBP252 CARPS2"/>
					</matchingTypeStrs>
				</device>

				<device name="Not Support">
					<matchingTypeStrs name="devTypeOID">
						<TypeStr value="LBP612C"/>
					</matchingTypeStrs>
				</device>

				<device name="Not Support">
					<matchingTypeStrs name="devTypeOID">
						<TypeStr value="LBP651C"/>
					</matchingTypeStrs>
				</device>

				<device name="Not Support">
					<matchingTypeStrs name="devTypeOID">
						<TypeStr value="MF620C Series"/>
					</matchingTypeStrs>
				</device>

				<device name="Not Support">
					<matchingTypeStrs name="devTypeOID">
						<TypeStr value="MF720C Series"/>
					</matchingTypeStrs>
				</device>

				<device name="Not Support">
					<matchingTypeStrs name="devTypeOID">
						<TypeStr value="MF9220"/>
						<TypeStr value="MF9280"/>
					</matchingTypeStrs>
				</device>

				<device name="Not Support">
					<matchingTypeStrs name="devTypeOID">
						<TypeStr value="iPR C1"/>
					</matchingTypeStrs>
				</device>

				<device name="Not Support">
					<matchingTypeStrs name="devTypeOID">
						<TypeStr value="iPR C1PLUS"/>
					</matchingTypeStrs>
				</device>

				<device name="Not Support">
					<matchingTypeStrs name="devTypeOID">
						<TypeStr value="iPR C6000"/>
					</matchingTypeStrs>
				</device>

				<device name="Not Support">
					<matchingTypeStrs name="devTypeOID">
						<TypeStr value="iPR C6000VP"/>
					</matchingTypeStrs>
				</device>

				<device name="Not Support">
					<matchingTypeStrs name="devTypeOID">
						<TypeStr value="iPR C7000VP"/>
					</matchingTypeStrs>
				</device>

				<device name="Not Support">
					<matchingTypeStrs name="devTypeOID">
						<TypeStr value="iR 2570C EUR"/>
					</matchingTypeStrs>
				</device>

				<device name="Not Support">
					<matchingTypeStrs name="devTypeOID">
						<TypeStr value="iR 3170C EUR"/>
					</matchingTypeStrs>
				</device>

				<device name="Not Support">
					<matchingTypeStrs name="devTypeOID">
						<TypeStr value="iR 3180C EUR"/>
					</matchingTypeStrs>
				</device>

				<device name="Not Support">
					<matchingTypeStrs name="devTypeOID">
						<TypeStr value="iR 5870C EUR"/>
					</matchingTypeStrs>
				</device>

				<device name="Not Support">
					<matchingTypeStrs name="devTypeOID">
						<TypeStr value="iR 5880C EUR"/>
						<TypeStr value="iR 6880C EUR"/>
					</matchingTypeStrs>
				</device>

				<device name="Not Support">
					<matchingTypeStrs name="devTypeOID">
						<TypeStr value="iR 6870C EUR"/>
					</matchingTypeStrs>
				</device>

				<device name="Not Support">
					<matchingTypeStrs name="devTypeOID">
						<TypeStr value="iR C1022"/>
						<TypeStr value="iR C1021"/>
					</matchingTypeStrs>
				</device>

				<device name="Not Support">
					<matchingTypeStrs name="devTypeOID">
						<TypeStr value="iR C2110"/>
					</matchingTypeStrs>
				</device>

				<device name="Not Support">
					<matchingTypeStrs name="devTypeOID">
						<TypeStr value="iR C2380"/>
						<TypeStr value="iR C2550"/>
					</matchingTypeStrs>
				</device>

				<device name="Not Support">
					<matchingTypeStrs name="devTypeOID">
						<TypeStr value="iR C2570"/>
					</matchingTypeStrs>
				</device>

				<device name="Not Support">
					<matchingTypeStrs name="devTypeOID">
						<TypeStr value="iR C2580"/>
					</matchingTypeStrs>
				</device>

				<device name="Not Support">
					<matchingTypeStrs name="devTypeOID">
						<TypeStr value="iR C2880"/>
						<TypeStr value="iR C3380"/>
					</matchingTypeStrs>
				</device>

				<device name="Not Support">
					<matchingTypeStrs name="devTypeOID">
						<TypeStr value="iR C3080"/>
						<TypeStr value="iR C3480"/>
						<TypeStr value="iR C3580"/>
					</matchingTypeStrs>
				</device>

				<device name="Not Support">
					<matchingTypeStrs name="devTypeOID">
						<TypeStr value="iR C3170"/>
					</matchingTypeStrs>
				</device>

				<device name="Not Support">
					<matchingTypeStrs name="devTypeOID">
						<TypeStr value="iR C3180"/>
					</matchingTypeStrs>
				</device>

				<device name="Not Support">
					<matchingTypeStrs name="devTypeOID">
						<TypeStr value="iR C3880"/>
						<TypeStr value="iR C4080"/>
						<TypeStr value="iR C4580"/>
					</matchingTypeStrs>
				</device>

				<device name="Not Support">
					<matchingTypeStrs name="devTypeOID">
						<TypeStr value="iR C5058"/>
						<TypeStr value="iR C5068"/>
					</matchingTypeStrs>
				</device>

				<device name="Not Support">
					<matchingTypeStrs name="devTypeOID">
						<TypeStr value="iR C5180"/>
					</matchingTypeStrs>
				</device>

				<device name="Not Support">
					<matchingTypeStrs name="devTypeOID">
						<TypeStr value="iR C5185"/>
					</matchingTypeStrs>
				</device>

				<device name="Not Support">
					<matchingTypeStrs name="devTypeOID">
						<TypeStr value="iR C5870"/>
					</matchingTypeStrs>
				</device>

				<device name="Not Support">
					<matchingTypeStrs name="devTypeOID">
						<TypeStr value="iR C5880"/>
						<TypeStr value="iR C6880"/>
					</matchingTypeStrs>
				</device>

				<device name="Not Support">
					<matchingTypeStrs name="devTypeOID">
						<TypeStr value="iR C6870"/>
					</matchingTypeStrs>
				</device>

				<device name="Not Support">
					<matchingTypeStrs name="devTypeOID">
						<TypeStr value="iR1018"/>
						<TypeStr value="iR1022"/>
						<TypeStr value="iR1023"/>
					</matchingTypeStrs>
				</device>

				<device name="Not Support">
					<matchingTypeStrs name="devTypeOID">
						<TypeStr value="iR1020"/>
						<TypeStr value="iR1024"/>
						<TypeStr value="iR1025"/>
					</matchingTypeStrs>
				</device>

				<device name="Not Support">
					<matchingTypeStrs name="devTypeOID">
						<TypeStr value="iR105i"/>
					</matchingTypeStrs>
				</device>

				<device name="Not Support">
					<matchingTypeStrs name="devTypeOID">
						<TypeStr value="iR105PLUS"/>
					</matchingTypeStrs>
				</device>

				<device name="Not Support">
					<matchingTypeStrs name="devTypeOID">
						<TypeStr value="iR2016"/>
					</matchingTypeStrs>
				</device>

				<device name="Not Support">
					<matchingTypeStrs name="devTypeOID">
						<TypeStr value="iR2018"/>
					</matchingTypeStrs>
				</device>

				<device name="Not Support">
					<matchingTypeStrs name="devTypeOID">
						<TypeStr value="iR2020"/>
					</matchingTypeStrs>
				</device>

				<device name="Not Support">
					<matchingTypeStrs name="devTypeOID">
						<TypeStr value="iR2022"/>
						<TypeStr value="iR2025"/>
						<TypeStr value="iR2030"/>
					</matchingTypeStrs>
				</device>

				<device name="Not Support">
					<matchingTypeStrs name="devTypeOID">
						<TypeStr value="iR2230"/>
					</matchingTypeStrs>
				</device>

				<device name="Not Support">
					<matchingTypeStrs name="devTypeOID">
						<TypeStr value="iR2270"/>
						<TypeStr value="iR2870"/>
					</matchingTypeStrs>
				</device>

				<device name="Not Support">
					<matchingTypeStrs name="devTypeOID">
						<TypeStr value="iR2830"/>
					</matchingTypeStrs>
				</device>

				<device name="Not Support">
					<matchingTypeStrs name="devTypeOID">
						<TypeStr value="iR3025"/>
					</matchingTypeStrs>
				</device>

				<device name="Not Support">
					<matchingTypeStrs name="devTypeOID">
						<TypeStr value="iR3030"/>
					</matchingTypeStrs>
				</device>

				<device name="Not Support">
					<matchingTypeStrs name="devTypeOID">
						<TypeStr value="iR3035"/>
						<TypeStr value="iR3045"/>
					</matchingTypeStrs>
				</device>

				<device name="Not Support">
					<matchingTypeStrs name="devTypeOID">
						<TypeStr value="iR3225"/>
					</matchingTypeStrs>
				</device>

				<device name="Not Support">
					<matchingTypeStrs name="devTypeOID">
						<TypeStr value="iR3230"/>
					</matchingTypeStrs>
				</device>

				<device name="Not Support">
					<matchingTypeStrs name="devTypeOID">
						<TypeStr value="iR3235"/>
						<TypeStr value="iR3245"/>
					</matchingTypeStrs>
				</device>

				<device name="Not Support">
					<matchingTypeStrs name="devTypeOID">
						<TypeStr value="iR3530"/>
					</matchingTypeStrs>
				</device>

				<device name="Not Support">
					<matchingTypeStrs name="devTypeOID">
						<TypeStr value="iR3570"/>
						<TypeStr value="iR4570"/>
					</matchingTypeStrs>
				</device>

				<device name="Not Support">
					<matchingTypeStrs name="devTypeOID">
						<TypeStr value="iR4530"/>
					</matchingTypeStrs>
				</device>

				<device name="Not Support">
					<matchingTypeStrs name="devTypeOID">
						<TypeStr value="iR5050"/>
					</matchingTypeStrs>
				</device>

				<device name="Not Support">
					<matchingTypeStrs name="devTypeOID">
						<TypeStr value="iR5055"/>
						<TypeStr value="iR5065"/>
					</matchingTypeStrs>
				</device>

				<device name="Not Support">
					<matchingTypeStrs name="devTypeOID">
						<TypeStr value="iR5070"/>
					</matchingTypeStrs>
				</device>

				<device name="Not Support">
					<matchingTypeStrs name="devTypeOID">
						<TypeStr value="iR5075"/>
					</matchingTypeStrs>
				</device>

				<device name="Not Support">
					<matchingTypeStrs name="devTypeOID">
						<TypeStr value="iR5570"/>
						<TypeStr value="iR6570"/>
					</matchingTypeStrs>
				</device>

				<device name="Not Support">
					<matchingTypeStrs name="devTypeOID">
						<TypeStr value="iR7086"/>
						<TypeStr value="iR7095"/>
						<TypeStr value="iR7105"/>
					</matchingTypeStrs>
				</device>

				<device name="Not Support">
					<matchingTypeStrs name="devTypeOID">
						<TypeStr value="iR7270N"/>
					</matchingTypeStrs>
				</device>

				<device name="Not Support">
					<matchingTypeStrs name="devTypeOID">
						<TypeStr value="iR8070"/>
					</matchingTypeStrs>
				</device>

				<device name="Not Support">
					<matchingTypeStrs name="devTypeOID">
						<TypeStr value="iR8570N"/>
					</matchingTypeStrs>
				</device>

				<device name="Not Support">
					<matchingTypeStrs name="devTypeOID">
						<TypeStr value="iR85PLUS"/>
					</matchingTypeStrs>
				</device>

				<device name="Not Support">
					<matchingTypeStrs name="devTypeOID">
						<TypeStr value="iR9070"/>
					</matchingTypeStrs>
				</device>

				<device name="Not Support">
					<matchingTypeStrs name="devTypeOID">
						<TypeStr value="L1000"/>
					</matchingTypeStrs>
				</device>

				<device name="Not Support">
					<matchingTypeStrs name="devTypeOID">
						<TypeStr value="LBP3360"/>
					</matchingTypeStrs>
				</device>

				<device name="Not Support">
					<matchingTypeStrs name="devTypeOID">
						<TypeStr value="LBP3370"/>
					</matchingTypeStrs>
				</device>

				<device name="Not Support">
					<matchingTypeStrs name="devTypeOID">
						<TypeStr value="LBP3410"/>
					</matchingTypeStrs>
				</device>

				<device name="Not Support">
					<matchingTypeStrs name="devTypeOID">
						<TypeStr value="LBP3460"/>
					</matchingTypeStrs>
				</device>

				<device name="Not Support">
					<matchingTypeStrs name="devTypeOID">
						<TypeStr value="LBP3700"/>
					</matchingTypeStrs>
				</device>

				<device name="Not Support">
					<matchingTypeStrs name="devTypeOID">
						<TypeStr value="LBP3800"/>
					</matchingTypeStrs>
				</device>

				<device name="Not Support">
					<matchingTypeStrs name="devTypeOID">
						<TypeStr value="LBP3900"/>
						<TypeStr value="LBP3950"/>
					</matchingTypeStrs>
				</device>

				<device name="Not Support">
					<matchingTypeStrs name="devTypeOID">
						<TypeStr value="LBP3910"/>
						<TypeStr value="LBP3930"/>
					</matchingTypeStrs>
				</device>

				<device name="Not Support">
					<matchingTypeStrs name="devTypeOID">
						<TypeStr value="LBP3920"/>
						<TypeStr value="LBP3970"/>
					</matchingTypeStrs>
				</device>

				<device name="Not Support">
					<matchingTypeStrs name="devTypeOID">
						<TypeStr value="LBP3980"/>
					</matchingTypeStrs>
				</device>

				<device name="Not Support">
					<matchingTypeStrs name="devTypeOID">
						<TypeStr value="LBP3980M"/>
					</matchingTypeStrs>
				</device>

				<device name="Not Support">
					<matchingTypeStrs name="devTypeOID">
						<TypeStr value="LBP4500"/>
					</matchingTypeStrs>
				</device>

				<device name="Not Support">
					<matchingTypeStrs name="devTypeOID">
						<TypeStr value="LBP5360"/>
					</matchingTypeStrs>
				</device>

				<device name="Not Support">
					<matchingTypeStrs name="devTypeOID">
						<TypeStr value="LBP5400"/>
					</matchingTypeStrs>
				</device>

				<device name="Not Support">
					<matchingTypeStrs name="devTypeOID">
						<TypeStr value="LBP5900"/>
					</matchingTypeStrs>
				</device>

				<device name="Not Support">
					<matchingTypeStrs name="devTypeOID">
						<TypeStr value="LBP5910"/>
					</matchingTypeStrs>
				</device>

				<device name="Not Support">
					<matchingTypeStrs name="devTypeOID">
						<TypeStr value="LBP5910M"/>
					</matchingTypeStrs>
				</device>

				<device name="Not Support">
					<matchingTypeStrs name="devTypeOID">
						<TypeStr value="LBP5960"/>
					</matchingTypeStrs>
				</device>

				<device name="Not Support">
					<matchingTypeStrs name="devTypeOID">
						<TypeStr value="LBP5970"/>
					</matchingTypeStrs>
				</device>

				<device name="Not Support">
					<matchingTypeStrs name="devTypeOID">
						<TypeStr value="LBP7700C"/>
					</matchingTypeStrs>
				</device>

				<device name="Not Support">
					<matchingTypeStrs name="devTypeOID">
						<TypeStr value="LBP7750C"/>
						<TypeStr value="LBP5460"/>
					</matchingTypeStrs>
				</device>

				<device name="Not Support">
					<matchingTypeStrs name="devTypeOID">
						<TypeStr value="LBP9600C"/>
						<TypeStr value="LBP9500C"/>
					</matchingTypeStrs>
				</device>

				<device name="Not Support">
					<matchingTypeStrs name="devTypeOID">
						<TypeStr value="LC800"/>
						<TypeStr value="L3000"/>
					</matchingTypeStrs>
				</device>

				<device name="Not Support">
					<matchingTypeStrs name="devTypeOID">
						<TypeStr value="MF7110"/>
						<TypeStr value="MF7210"/>
					</matchingTypeStrs>
				</device>

				<device name="Not Support">
					<matchingTypeStrs name="devTypeOID">
						<TypeStr value="MF7170i"/>
					</matchingTypeStrs>
				</device>

				<device name="Not Support">
					<matchingTypeStrs name="devTypeOID">
						<TypeStr value="MF7280"/>
					</matchingTypeStrs>
				</device>

				<device name="Not Support">
					<matchingTypeStrs name="devTypeOID">
						<TypeStr value="MF7450"/>
						<TypeStr value="MF7330"/>
					</matchingTypeStrs>
				</device>

				<device name="Not Support">
					<matchingTypeStrs name="devTypeOID">
						<TypeStr value="MF7460"/>
						<TypeStr value="MF7470"/>
					</matchingTypeStrs>
				</device>

				<device name="Not Support">
					<matchingTypeStrs name="devTypeOID">
						<TypeStr value="MF8400 Series"/>
					</matchingTypeStrs>
				</device>

				<device name="Not Support">
					<matchingTypeStrs name="devTypeOID">
						<TypeStr value="MF8450"/>
					</matchingTypeStrs>
				</device>

				<device name="Not Support">
					<matchingTypeStrs name="devTypeOID">
						<TypeStr value="MF9100 Series"/>
						<TypeStr value="MF9100/9300 Series"/>
					</matchingTypeStrs>
				</device>

				<device name="Not Support">
					<matchingTypeStrs name="devTypeOID">
						<TypeStr value="M201CR"/>
					</matchingTypeStrs>
				</device>

				<device name="Not Support">
					<matchingTypeStrs name="devTypeOID">
						<TypeStr value="M351R"/>
					</matchingTypeStrs>
				</device>

				<device name="Canon Generic Plus UFR II">
					<matchingTypeStrs name="PDLType">
						<TypeStr value="1">
							<matchingTypeStrs name="interpreterDesc">
								<TypeStr value="UFR II">
									<matchingTypeStrs name="suppliesType">
										<TypeStr value="3"/>
										<TypeStr value="4"/>
										<TypeStr value="21"/>
									</matchingTypeStrs>
								</TypeStr>
								<TypeStr value="LIPSLX">
									<matchingTypeStrs name="suppliesType">
										<TypeStr value="3"/>
										<TypeStr value="4"/>
										<TypeStr value="21"/>
									</matchingTypeStrs>
								</TypeStr>
							</matchingTypeStrs>
						</TypeStr>
					</matchingTypeStrs>

				</device>

			</deviceList>
		</method>
	</methodList>
</discovery>
